2019-11-14 14:51:27,"b""#Delhi #schools #close as #farm #fires add to city's foul #air... #pollution #India https://t.co/WDadRvkNxZ"""
2019-11-14 14:37:52,"b""#Delhi schools close as farm #fires add to city's foul #air\n#pollution #environment #India  https://t.co/cVWTGhEOfA https://t.co/QMDWiQnDH1"""
2019-11-14 14:21:54,"b""@KarlRobinson02 @NatGeo But we are a VERY minor part of the #pollution. If you're such a believer go in #China and\xe2\x80\xa6 https://t.co/tnItbr8IUz"""
2019-11-14 13:56:53,b'RT @SupriyaVerma25: @dpcarrington @WeichenthalS We all knew #air #pollution had bad #environmental effects. Finally we have proof demonstra\xe2\x80\xa6'
2019-11-14 12:25:45,"b'RT @Pureclearwater2: @DevonWildlife @NFFNUK @PasturePromise Wet #woodland - rich in #wildlife, deep roots hold #soil in place, keeps moistu\xe2\x80\xa6'"
2019-11-14 12:12:00,"b'RT @Pureclearwater2: @DevonWildlife @NFFNUK @PasturePromise Wet #woodland - rich in #wildlife, deep roots hold #soil in place, keeps moistu\xe2\x80\xa6'"
2019-11-14 09:37:41,"b'RT @XiaomiIndia: Rising #pollution levels need newer, better solutions. Introducing the all-new #MiAirPurifier3 - our most powerful #air pu\xe2\x80\xa6'"
2019-11-14 09:32:29,"b'And as always, the Court is not obliged to follow the Adv Gen\xe2\x80\x99s Opinion.  \n\n#NotOverYet @JohnSodeau @CRAClabUCC #air #law #pollution'"
2019-11-14 08:58:03,b'@VijayGoelBJP @BJP4Delhi In an #AQI of approx 500 children are made to Run in #Delhi when schools are shut for chil\xe2\x80\xa6 https://t.co/WmzJrB2Xne'
2019-11-14 07:28:55,b'This just in!\n\nKarachi just beat Lahore for the first time. \n\nKarachi AQI 290\nLahore AQI 270\n\nDelhi AQI 448\n\n12:25\xe2\x80\xa6 https://t.co/5m6sNgEz8X'
2019-11-14 06:18:29,b'In an #AQI of approx 500 children are made to Run in #Delhi when schools are shut for children citing unbreathable\xe2\x80\xa6 https://t.co/KBEFcTp7pV'
2019-11-14 05:41:09,"b""@WhiteHouse @POTUS They've destroyed #FoodSupplyChain #Air #Pollution, #StreetsAreFilthyAndUgly #Homelessness\xe2\x80\xa6 https://t.co/spgF6a23Hq"""
2019-11-14 05:21:55,"b'RT @ramanmann1974: For those blaming ""Punjab Preservation of Subsoil Water Act, 2009"" for extending paddy harvesting period into Oct-Nov, w\xe2\x80\xa6'"
2019-11-14 05:16:54,b'https://t.co/jwiqieok3c\nAdvertising &amp; Marketing Agency\n#airpollution #pollution #environment #climatechange\xe2\x80\xa6 https://t.co/uTND1fj4kL'
2019-11-14 00:19:26,"b'RT @SeedsIndia: Chhath puja in Delhi this year was a toxic affair, with heavy and dense #air and #water pollution risking the lives of wome\xe2\x80\xa6'"
2019-11-13 22:35:59,"b'RT @Dragofix: #Pollution knows no borders. It moves with the #wind and #waters. You are breathing, eating and drinking it right now.. \n\nSto\xe2\x80\xa6'"
2019-11-13 21:45:39,b'Nanoparticles from air pollution (mostly car exhaust)  go straight into your brain https://t.co/DDC03gRqzr\xe2\x80\xa6 https://t.co/dvwLflGGSI'
2019-11-13 21:44:34,b'@dpcarrington @WeichenthalS We all knew #air #pollution had bad #environmental effects. Finally we have proof demon\xe2\x80\xa6 https://t.co/aVP7CAcx61'
2019-11-13 21:03:12,"b'RT @Pureclearwater2: @DevonWildlife @NFFNUK @PasturePromise Wet #woodland - rich in #wildlife, deep roots hold #soil in place, keeps moistu\xe2\x80\xa6'"
2019-11-13 20:50:34,"b""RT @GETAnalysis: #India's #plans usually #fail spectacularly - and hence its #current problems of unbreathable #air &amp; undrinkable #water  h\xe2\x80\xa6"""
2019-11-13 19:35:06,"b'@imrankhanpti @drmuradpti here you go, if you want to mitigate #air #pollution such technology deployment will do i\xe2\x80\xa6 https://t.co/XQstarc5BK'"
2019-11-13 18:59:55,"b'RT @XiaomiIndia: Rising #pollution levels need newer, better solutions. Introducing the all-new #MiAirPurifier3 - our most powerful #air pu\xe2\x80\xa6'"
2019-11-13 17:35:41,"b'RT @XiaomiIndia: Rising #pollution levels need newer, better solutions. Introducing the all-new #MiAirPurifier3 - our most powerful #air pu\xe2\x80\xa6'"
2019-11-13 17:12:52,"b'RT @ramanmann1974: For those blaming ""Punjab Preservation of Subsoil Water Act, 2009"" for extending paddy harvesting period into Oct-Nov, w\xe2\x80\xa6'"
2019-11-13 17:11:43,"b'RT @Pureclearwater2: @DevonWildlife @NFFNUK @PasturePromise Wet #woodland - rich in #wildlife, deep roots hold #soil in place, keeps moistu\xe2\x80\xa6'"
2019-11-13 16:53:23,b'RT @arikring: Once There Was 1 King\nKing #Coal\n\nNow We Have Choices:\nGo #Clean &amp; #Green w. #Renewable #Energy\nOr \nContinue Our Addiction to\xe2\x80\xa6'
2019-11-13 16:28:43,b'RT @arikring: Once There Was 1 King\nKing #Coal\n\nNow We Have Choices:\nGo #Clean &amp; #Green w. #Renewable #Energy\nOr \nContinue Our Addiction to\xe2\x80\xa6'
2019-11-13 16:10:02,"b""#Air #pollution shuts schools in Iran's capital https://t.co/sFaglrgC56"""
2019-11-13 16:09:32,"b""RT @GETAnalysis: #India's #plans usually #fail spectacularly - and hence its #current problems of unbreathable #air &amp; undrinkable #water  h\xe2\x80\xa6"""
2019-11-13 15:38:00,"b""#India's #plans usually #fail spectacularly - and hence its #current problems of unbreathable #air &amp; undrinkable\xe2\x80\xa6 https://t.co/M4Z2v5SYAZ"""
2019-11-13 15:00:13,"b'Top news for Wednesday, 13th Nov 19\nhttps://t.co/mUuGNyGJAy\n#court #supreme #sc #maharashtra #sena #shiv #fee #hike\xe2\x80\xa6 https://t.co/LIUMMxW0M5'"
2019-11-13 14:39:21,"b'RT @XiaomiIndia: Rising #pollution levels need newer, better solutions. Introducing the all-new #MiAirPurifier3 - our most powerful #air pu\xe2\x80\xa6'"
2019-11-13 14:22:26,"b'RT @ramanmann1974: For those blaming ""Punjab Preservation of Subsoil Water Act, 2009"" for extending paddy harvesting period into Oct-Nov, w\xe2\x80\xa6'"
2019-11-13 13:49:40,"b'RT @XiaomiIndia: Rising #pollution levels need newer, better solutions. Introducing the all-new #MiAirPurifier3 - our most powerful #air pu\xe2\x80\xa6'"
2019-11-13 13:32:53,b'#Air #pollution nanoparticles linked to #brain #cancer for first time https://t.co/fAYLqJAQEc'
2019-11-13 13:00:57,"b'RT @XiaomiIndia: Rising #pollution levels need newer, better solutions. Introducing the all-new #MiAirPurifier3 - our most powerful #air pu\xe2\x80\xa6'"
2019-11-13 12:18:13,b'#Air pollution particles linked to brain cancer for first time https://t.co/4V9hAFiEwZ #science'
2019-11-13 11:52:12,"b'Toxic #air has been linked to other effects on the #brain, including\xc2\xa0huge\xc2\xa0reductions in intelligence,\xc2\xa0#dementia\xc2\xa0and\xe2\x80\xa6 https://t.co/Yxb5dFZ3ds'"
2019-11-13 11:01:14,"b'RT @ramanmann1974: For those blaming ""Punjab Preservation of Subsoil Water Act, 2009"" for extending paddy harvesting period into Oct-Nov, w\xe2\x80\xa6'"
2019-11-14 14:51:27,"b""#Delhi #schools #close as #farm #fires add to city's foul #air... #pollution #India https://t.co/WDadRvkNxZ"""
2019-11-14 14:37:52,"b""#Delhi schools close as farm #fires add to city's foul #air\n#pollution #environment #India  https://t.co/cVWTGhEOfA https://t.co/QMDWiQnDH1"""
2019-11-14 14:21:54,"b""@KarlRobinson02 @NatGeo But we are a VERY minor part of the #pollution. If you're such a believer go in #China and\xe2\x80\xa6 https://t.co/tnItbr8IUz"""
2019-11-14 13:56:53,b'RT @SupriyaVerma25: @dpcarrington @WeichenthalS We all knew #air #pollution had bad #environmental effects. Finally we have proof demonstra\xe2\x80\xa6'
2019-11-14 12:25:45,"b'RT @Pureclearwater2: @DevonWildlife @NFFNUK @PasturePromise Wet #woodland - rich in #wildlife, deep roots hold #soil in place, keeps moistu\xe2\x80\xa6'"
2019-11-14 12:12:00,"b'RT @Pureclearwater2: @DevonWildlife @NFFNUK @PasturePromise Wet #woodland - rich in #wildlife, deep roots hold #soil in place, keeps moistu\xe2\x80\xa6'"
2019-11-14 09:37:41,"b'RT @XiaomiIndia: Rising #pollution levels need newer, better solutions. Introducing the all-new #MiAirPurifier3 - our most powerful #air pu\xe2\x80\xa6'"
2019-11-14 09:32:29,"b'And as always, the Court is not obliged to follow the Adv Gen\xe2\x80\x99s Opinion.  \n\n#NotOverYet @JohnSodeau @CRAClabUCC #air #law #pollution'"
2019-11-14 08:58:03,b'@VijayGoelBJP @BJP4Delhi In an #AQI of approx 500 children are made to Run in #Delhi when schools are shut for chil\xe2\x80\xa6 https://t.co/WmzJrB2Xne'
2019-11-14 07:28:55,b'This just in!\n\nKarachi just beat Lahore for the first time. \n\nKarachi AQI 290\nLahore AQI 270\n\nDelhi AQI 448\n\n12:25\xe2\x80\xa6 https://t.co/5m6sNgEz8X'
2019-11-14 06:18:29,b'In an #AQI of approx 500 children are made to Run in #Delhi when schools are shut for children citing unbreathable\xe2\x80\xa6 https://t.co/KBEFcTp7pV'
2019-11-14 05:41:09,"b""@WhiteHouse @POTUS They've destroyed #FoodSupplyChain #Air #Pollution, #StreetsAreFilthyAndUgly #Homelessness\xe2\x80\xa6 https://t.co/spgF6a23Hq"""
2019-11-14 05:21:55,"b'RT @ramanmann1974: For those blaming ""Punjab Preservation of Subsoil Water Act, 2009"" for extending paddy harvesting period into Oct-Nov, w\xe2\x80\xa6'"
2019-11-14 05:16:54,b'https://t.co/jwiqieok3c\nAdvertising &amp; Marketing Agency\n#airpollution #pollution #environment #climatechange\xe2\x80\xa6 https://t.co/uTND1fj4kL'
2019-11-14 00:19:26,"b'RT @SeedsIndia: Chhath puja in Delhi this year was a toxic affair, with heavy and dense #air and #water pollution risking the lives of wome\xe2\x80\xa6'"
2019-11-13 22:35:59,"b'RT @Dragofix: #Pollution knows no borders. It moves with the #wind and #waters. You are breathing, eating and drinking it right now.. \n\nSto\xe2\x80\xa6'"
2019-11-13 21:45:39,b'Nanoparticles from air pollution (mostly car exhaust)  go straight into your brain https://t.co/DDC03gRqzr\xe2\x80\xa6 https://t.co/dvwLflGGSI'
2019-11-13 21:44:34,b'@dpcarrington @WeichenthalS We all knew #air #pollution had bad #environmental effects. Finally we have proof demon\xe2\x80\xa6 https://t.co/aVP7CAcx61'
2019-11-13 21:03:12,"b'RT @Pureclearwater2: @DevonWildlife @NFFNUK @PasturePromise Wet #woodland - rich in #wildlife, deep roots hold #soil in place, keeps moistu\xe2\x80\xa6'"
2019-11-13 20:50:34,"b""RT @GETAnalysis: #India's #plans usually #fail spectacularly - and hence its #current problems of unbreathable #air &amp; undrinkable #water  h\xe2\x80\xa6"""
2019-11-13 19:35:06,"b'@imrankhanpti @drmuradpti here you go, if you want to mitigate #air #pollution such technology deployment will do i\xe2\x80\xa6 https://t.co/XQstarc5BK'"
2019-11-13 18:59:55,"b'RT @XiaomiIndia: Rising #pollution levels need newer, better solutions. Introducing the all-new #MiAirPurifier3 - our most powerful #air pu\xe2\x80\xa6'"
2019-11-13 17:35:41,"b'RT @XiaomiIndia: Rising #pollution levels need newer, better solutions. Introducing the all-new #MiAirPurifier3 - our most powerful #air pu\xe2\x80\xa6'"
2019-11-13 17:12:52,"b'RT @ramanmann1974: For those blaming ""Punjab Preservation of Subsoil Water Act, 2009"" for extending paddy harvesting period into Oct-Nov, w\xe2\x80\xa6'"
2019-11-13 17:11:43,"b'RT @Pureclearwater2: @DevonWildlife @NFFNUK @PasturePromise Wet #woodland - rich in #wildlife, deep roots hold #soil in place, keeps moistu\xe2\x80\xa6'"
2019-11-13 16:53:23,b'RT @arikring: Once There Was 1 King\nKing #Coal\n\nNow We Have Choices:\nGo #Clean &amp; #Green w. #Renewable #Energy\nOr \nContinue Our Addiction to\xe2\x80\xa6'
2019-11-13 16:28:43,b'RT @arikring: Once There Was 1 King\nKing #Coal\n\nNow We Have Choices:\nGo #Clean &amp; #Green w. #Renewable #Energy\nOr \nContinue Our Addiction to\xe2\x80\xa6'
2019-11-13 16:10:02,"b""#Air #pollution shuts schools in Iran's capital https://t.co/sFaglrgC56"""
2019-11-13 16:09:32,"b""RT @GETAnalysis: #India's #plans usually #fail spectacularly - and hence its #current problems of unbreathable #air &amp; undrinkable #water  h\xe2\x80\xa6"""
2019-11-13 15:38:00,"b""#India's #plans usually #fail spectacularly - and hence its #current problems of unbreathable #air &amp; undrinkable\xe2\x80\xa6 https://t.co/M4Z2v5SYAZ"""
2019-11-13 15:00:13,"b'Top news for Wednesday, 13th Nov 19\nhttps://t.co/mUuGNyGJAy\n#court #supreme #sc #maharashtra #sena #shiv #fee #hike\xe2\x80\xa6 https://t.co/LIUMMxW0M5'"
2019-11-13 14:39:21,"b'RT @XiaomiIndia: Rising #pollution levels need newer, better solutions. Introducing the all-new #MiAirPurifier3 - our most powerful #air pu\xe2\x80\xa6'"
2019-11-13 14:22:26,"b'RT @ramanmann1974: For those blaming ""Punjab Preservation of Subsoil Water Act, 2009"" for extending paddy harvesting period into Oct-Nov, w\xe2\x80\xa6'"
2019-11-13 13:49:40,"b'RT @XiaomiIndia: Rising #pollution levels need newer, better solutions. Introducing the all-new #MiAirPurifier3 - our most powerful #air pu\xe2\x80\xa6'"
2019-11-13 13:32:53,b'#Air #pollution nanoparticles linked to #brain #cancer for first time https://t.co/fAYLqJAQEc'
2019-11-13 13:00:57,"b'RT @XiaomiIndia: Rising #pollution levels need newer, better solutions. Introducing the all-new #MiAirPurifier3 - our most powerful #air pu\xe2\x80\xa6'"
2019-11-13 12:18:13,b'#Air pollution particles linked to brain cancer for first time https://t.co/4V9hAFiEwZ #science'
2019-11-13 11:52:12,"b'Toxic #air has been linked to other effects on the #brain, including\xc2\xa0huge\xc2\xa0reductions in intelligence,\xc2\xa0#dementia\xc2\xa0and\xe2\x80\xa6 https://t.co/Yxb5dFZ3ds'"
2019-11-13 11:01:14,"b'RT @ramanmann1974: For those blaming ""Punjab Preservation of Subsoil Water Act, 2009"" for extending paddy harvesting period into Oct-Nov, w\xe2\x80\xa6'"
2019-11-14 14:51:27,"b""#Delhi #schools #close as #farm #fires add to city's foul #air... #pollution #India https://t.co/WDadRvkNxZ"""
2019-11-14 14:37:52,"b""#Delhi schools close as farm #fires add to city's foul #air\n#pollution #environment #India  https://t.co/cVWTGhEOfA https://t.co/QMDWiQnDH1"""
2019-11-14 14:21:54,"b""@KarlRobinson02 @NatGeo But we are a VERY minor part of the #pollution. If you're such a believer go in #China and\xe2\x80\xa6 https://t.co/tnItbr8IUz"""
2019-11-14 13:56:53,b'RT @SupriyaVerma25: @dpcarrington @WeichenthalS We all knew #air #pollution had bad #environmental effects. Finally we have proof demonstra\xe2\x80\xa6'
2019-11-14 12:25:45,"b'RT @Pureclearwater2: @DevonWildlife @NFFNUK @PasturePromise Wet #woodland - rich in #wildlife, deep roots hold #soil in place, keeps moistu\xe2\x80\xa6'"
2019-11-14 12:12:00,"b'RT @Pureclearwater2: @DevonWildlife @NFFNUK @PasturePromise Wet #woodland - rich in #wildlife, deep roots hold #soil in place, keeps moistu\xe2\x80\xa6'"
2019-11-14 09:37:41,"b'RT @XiaomiIndia: Rising #pollution levels need newer, better solutions. Introducing the all-new #MiAirPurifier3 - our most powerful #air pu\xe2\x80\xa6'"
2019-11-14 09:32:29,"b'And as always, the Court is not obliged to follow the Adv Gen\xe2\x80\x99s Opinion.  \n\n#NotOverYet @JohnSodeau @CRAClabUCC #air #law #pollution'"
2019-11-14 08:58:03,b'@VijayGoelBJP @BJP4Delhi In an #AQI of approx 500 children are made to Run in #Delhi when schools are shut for chil\xe2\x80\xa6 https://t.co/WmzJrB2Xne'
2019-11-14 07:28:55,b'This just in!\n\nKarachi just beat Lahore for the first time. \n\nKarachi AQI 290\nLahore AQI 270\n\nDelhi AQI 448\n\n12:25\xe2\x80\xa6 https://t.co/5m6sNgEz8X'
2019-11-14 06:18:29,b'In an #AQI of approx 500 children are made to Run in #Delhi when schools are shut for children citing unbreathable\xe2\x80\xa6 https://t.co/KBEFcTp7pV'
2019-11-14 05:41:09,"b""@WhiteHouse @POTUS They've destroyed #FoodSupplyChain #Air #Pollution, #StreetsAreFilthyAndUgly #Homelessness\xe2\x80\xa6 https://t.co/spgF6a23Hq"""
2019-11-14 05:21:55,"b'RT @ramanmann1974: For those blaming ""Punjab Preservation of Subsoil Water Act, 2009"" for extending paddy harvesting period into Oct-Nov, w\xe2\x80\xa6'"
2019-11-14 05:16:54,b'https://t.co/jwiqieok3c\nAdvertising &amp; Marketing Agency\n#airpollution #pollution #environment #climatechange\xe2\x80\xa6 https://t.co/uTND1fj4kL'
2019-11-14 00:19:26,"b'RT @SeedsIndia: Chhath puja in Delhi this year was a toxic affair, with heavy and dense #air and #water pollution risking the lives of wome\xe2\x80\xa6'"
2019-11-13 22:35:59,"b'RT @Dragofix: #Pollution knows no borders. It moves with the #wind and #waters. You are breathing, eating and drinking it right now.. \n\nSto\xe2\x80\xa6'"
2019-11-13 21:45:39,b'Nanoparticles from air pollution (mostly car exhaust)  go straight into your brain https://t.co/DDC03gRqzr\xe2\x80\xa6 https://t.co/dvwLflGGSI'
2019-11-13 21:44:34,b'@dpcarrington @WeichenthalS We all knew #air #pollution had bad #environmental effects. Finally we have proof demon\xe2\x80\xa6 https://t.co/aVP7CAcx61'
2019-11-13 21:03:12,"b'RT @Pureclearwater2: @DevonWildlife @NFFNUK @PasturePromise Wet #woodland - rich in #wildlife, deep roots hold #soil in place, keeps moistu\xe2\x80\xa6'"
2019-11-13 20:50:34,"b""RT @GETAnalysis: #India's #plans usually #fail spectacularly - and hence its #current problems of unbreathable #air &amp; undrinkable #water  h\xe2\x80\xa6"""
2019-11-13 19:35:06,"b'@imrankhanpti @drmuradpti here you go, if you want to mitigate #air #pollution such technology deployment will do i\xe2\x80\xa6 https://t.co/XQstarc5BK'"
2019-11-13 18:59:55,"b'RT @XiaomiIndia: Rising #pollution levels need newer, better solutions. Introducing the all-new #MiAirPurifier3 - our most powerful #air pu\xe2\x80\xa6'"
2019-11-13 17:35:41,"b'RT @XiaomiIndia: Rising #pollution levels need newer, better solutions. Introducing the all-new #MiAirPurifier3 - our most powerful #air pu\xe2\x80\xa6'"
2019-11-13 17:12:52,"b'RT @ramanmann1974: For those blaming ""Punjab Preservation of Subsoil Water Act, 2009"" for extending paddy harvesting period into Oct-Nov, w\xe2\x80\xa6'"
2019-11-13 17:11:43,"b'RT @Pureclearwater2: @DevonWildlife @NFFNUK @PasturePromise Wet #woodland - rich in #wildlife, deep roots hold #soil in place, keeps moistu\xe2\x80\xa6'"
2019-11-13 16:53:23,b'RT @arikring: Once There Was 1 King\nKing #Coal\n\nNow We Have Choices:\nGo #Clean &amp; #Green w. #Renewable #Energy\nOr \nContinue Our Addiction to\xe2\x80\xa6'
2019-11-13 16:28:43,b'RT @arikring: Once There Was 1 King\nKing #Coal\n\nNow We Have Choices:\nGo #Clean &amp; #Green w. #Renewable #Energy\nOr \nContinue Our Addiction to\xe2\x80\xa6'
2019-11-13 16:10:02,"b""#Air #pollution shuts schools in Iran's capital https://t.co/sFaglrgC56"""
2019-11-13 16:09:32,"b""RT @GETAnalysis: #India's #plans usually #fail spectacularly - and hence its #current problems of unbreathable #air &amp; undrinkable #water  h\xe2\x80\xa6"""
2019-11-13 15:38:00,"b""#India's #plans usually #fail spectacularly - and hence its #current problems of unbreathable #air &amp; undrinkable\xe2\x80\xa6 https://t.co/M4Z2v5SYAZ"""
2019-11-13 15:00:13,"b'Top news for Wednesday, 13th Nov 19\nhttps://t.co/mUuGNyGJAy\n#court #supreme #sc #maharashtra #sena #shiv #fee #hike\xe2\x80\xa6 https://t.co/LIUMMxW0M5'"
2019-11-13 14:39:21,"b'RT @XiaomiIndia: Rising #pollution levels need newer, better solutions. Introducing the all-new #MiAirPurifier3 - our most powerful #air pu\xe2\x80\xa6'"
2019-11-13 14:22:26,"b'RT @ramanmann1974: For those blaming ""Punjab Preservation of Subsoil Water Act, 2009"" for extending paddy harvesting period into Oct-Nov, w\xe2\x80\xa6'"
2019-11-13 13:49:40,"b'RT @XiaomiIndia: Rising #pollution levels need newer, better solutions. Introducing the all-new #MiAirPurifier3 - our most powerful #air pu\xe2\x80\xa6'"
2019-11-13 13:32:53,b'#Air #pollution nanoparticles linked to #brain #cancer for first time https://t.co/fAYLqJAQEc'
2019-11-13 13:00:57,"b'RT @XiaomiIndia: Rising #pollution levels need newer, better solutions. Introducing the all-new #MiAirPurifier3 - our most powerful #air pu\xe2\x80\xa6'"
2019-11-13 12:18:13,b'#Air pollution particles linked to brain cancer for first time https://t.co/4V9hAFiEwZ #science'
2019-11-13 11:52:12,"b'Toxic #air has been linked to other effects on the #brain, including\xc2\xa0huge\xc2\xa0reductions in intelligence,\xc2\xa0#dementia\xc2\xa0and\xe2\x80\xa6 https://t.co/Yxb5dFZ3ds'"
2019-11-13 11:01:14,"b'RT @ramanmann1974: For those blaming ""Punjab Preservation of Subsoil Water Act, 2009"" for extending paddy harvesting period into Oct-Nov, w\xe2\x80\xa6'"
2019-11-13 10:26:51,b'RT @XiaomiIndia: The deadliest killers are sometimes the things you cannot see. \xe2\x98\xa0\xef\xb8\x8f\n\nSafeguard the health of your loved ones and protect you\xe2\x80\xa6'
2019-11-13 09:05:42,"b""22 of the world's 30 most polluted cities are in northern #India \xf0\x9f\x87\xae\xf0\x9f\x87\xb3\n\nc/o @J_CD_T @TheEconomist #pollution #air https://t.co/Escl36RTrz"""
2019-11-13 08:19:37,"b'RT @XiaomiIndia: Rising #pollution levels need newer, better solutions. Introducing the all-new #MiAirPurifier3 - our most powerful #air pu\xe2\x80\xa6'"
2019-11-13 08:19:00,b'RT @TrafficTechMag: Air pollution predicted to exceed WHO limits at 80% of London monitoring sites\n| @Breathe_London | @WHO | @airmonitors\xe2\x80\xa6'
2019-11-13 07:53:53,"b'RT @ramanmann1974: For those blaming ""Punjab Preservation of Subsoil Water Act, 2009"" for extending paddy harvesting period into Oct-Nov, w\xe2\x80\xa6'"
2019-11-13 07:35:30,"b'RT @XiaomiIndia: Rising #pollution levels need newer, better solutions. Introducing the all-new #MiAirPurifier3 - our most powerful #air pu\xe2\x80\xa6'"
2019-11-13 07:35:19,"b'RT @XiaomiIndia: Rising #pollution levels need newer, better solutions. Introducing the all-new #MiAirPurifier3 - our most powerful #air pu\xe2\x80\xa6'"
2019-11-13 07:29:01,"b'RT @XiaomiIndia: Rising #pollution levels need newer, better solutions. Introducing the all-new #MiAirPurifier3 - our most powerful #air pu\xe2\x80\xa6'"
2019-11-13 07:19:33,"b'RT @XiaomiIndia: Rising #pollution levels need newer, better solutions. Introducing the all-new #MiAirPurifier3 - our most powerful #air pu\xe2\x80\xa6'"
2019-11-13 07:17:56,"b'RT @XiaomiIndia: Rising #pollution levels need newer, better solutions. Introducing the all-new #MiAirPurifier3 - our most powerful #air pu\xe2\x80\xa6'"
2019-11-13 07:07:14,"b'RT @ramanmann1974: For those blaming ""Punjab Preservation of Subsoil Water Act, 2009"" for extending paddy harvesting period into Oct-Nov, w\xe2\x80\xa6'"
2019-11-13 07:04:16,b'The device extracting #pollution is a #SmogFreeTower\xc2\xa0which\xc2\xa0is a\xc2\xa023-foot-tall air purification system at present cos\xe2\x80\xa6 https://t.co/Y5mOkKPvBn'
2019-11-13 06:59:59,"b'RT @ramanmann1974: For those blaming ""Punjab Preservation of Subsoil Water Act, 2009"" for extending paddy harvesting period into Oct-Nov, w\xe2\x80\xa6'"
2019-11-13 06:54:01,"b'RT @ramanmann1974: For those blaming ""Punjab Preservation of Subsoil Water Act, 2009"" for extending paddy harvesting period into Oct-Nov, w\xe2\x80\xa6'"
2019-11-13 06:53:17,"b'RT @ramanmann1974: For those blaming ""Punjab Preservation of Subsoil Water Act, 2009"" for extending paddy harvesting period into Oct-Nov, w\xe2\x80\xa6'"
2019-11-13 06:51:40,"b'For those blaming ""Punjab Preservation of Subsoil Water Act, 2009"" for extending paddy harvesting period into Oct-N\xe2\x80\xa6 https://t.co/J5mzvcIYa9'"
2019-11-13 06:46:50,"b'RT @XiaomiIndia: Rising #pollution levels need newer, better solutions. Introducing the all-new #MiAirPurifier3 - our most powerful #air pu\xe2\x80\xa6'"
2019-11-13 06:25:00,"b'Apart from #Delhi, 10 other cities are having the most toxic air quality as per #AQI.\n\nBeat #Air Pollution With\xe2\x80\xa6 https://t.co/0JouNjGLLk'"
2019-11-13 06:23:50,"b'RT @XiaomiIndia: Rising #pollution levels need newer, better solutions. Introducing the all-new #MiAirPurifier3 - our most powerful #air pu\xe2\x80\xa6'"
2019-11-13 06:21:08,"b'RT @XiaomiIndia: Rising #pollution levels need newer, better solutions. Introducing the all-new #MiAirPurifier3 - our most powerful #air pu\xe2\x80\xa6'"
2019-11-13 06:19:52,"b'RT @XiaomiIndia: Rising #pollution levels need newer, better solutions. Introducing the all-new #MiAirPurifier3 - our most powerful #air pu\xe2\x80\xa6'"
2019-11-13 06:17:18,"b'RT @XiaomiIndia: Rising #pollution levels need newer, better solutions. Introducing the all-new #MiAirPurifier3 - our most powerful #air pu\xe2\x80\xa6'"
2019-11-13 06:16:27,"b'RT @XiaomiIndia: Rising #pollution levels need newer, better solutions. Introducing the all-new #MiAirPurifier3 - our most powerful #air pu\xe2\x80\xa6'"
2019-11-13 06:16:04,"b'RT @XiaomiIndia: Rising #pollution levels need newer, better solutions. Introducing the all-new #MiAirPurifier3 - our most powerful #air pu\xe2\x80\xa6'"
2019-11-13 06:14:39,"b'Rising #pollution levels need newer, better solutions. Introducing the all-new #MiAirPurifier3 - our most powerful\xe2\x80\xa6 https://t.co/Pohz7ih8aQ'"
2019-11-13 05:28:18,b'RT @ABPNews: #DelhiPollution Pictures: #Air In National Capital Strays Deeper Into \xe2\x80\x98severe\xe2\x80\x99 Zone\nhttps://t.co/0ytTYgCH09'
2019-11-13 05:13:04,b'RT @ABPNews: #DelhiPollution Pictures: #Air In National Capital Strays Deeper Into \xe2\x80\x98severe\xe2\x80\x99 Zone\nhttps://t.co/0ytTYgCH09'
2019-11-13 05:09:22,b'RT @ABPNews: #DelhiPollution Pictures: #Air In National Capital Strays Deeper Into \xe2\x80\x98severe\xe2\x80\x99 Zone\nhttps://t.co/0ytTYgCH09'
2019-11-13 05:06:00,b'RT @ABPNews: #DelhiPollution Pictures: #Air In National Capital Strays Deeper Into \xe2\x80\x98severe\xe2\x80\x99 Zone\nhttps://t.co/0ytTYgCH09'
2019-11-13 05:02:58,b'#DelhiPollution Pictures: #Air In National Capital Strays Deeper Into \xe2\x80\x98severe\xe2\x80\x99 Zone\nhttps://t.co/0ytTYgCH09'
2019-11-13 04:00:29,b'Fantastic meeting PES at #CDI2019. \n\nLooking forward to continuing our conversation on global #air and #water\xe2\x80\xa6 https://t.co/GLUzDAZUCL'
2019-11-12 22:32:07,b'RT @arikring: Once There Was 1 King\nKing #Coal\n\nNow We Have Choices:\nGo #Clean &amp; #Green w. #Renewable #Energy\nOr \nContinue Our Addiction to\xe2\x80\xa6'
2019-11-12 22:31:31,b'RT @arikring: Once There Was 1 King\nKing #Coal\n\nNow We Have Choices:\nGo #Clean &amp; #Green w. #Renewable #Energy\nOr \nContinue Our Addiction to\xe2\x80\xa6'
2019-11-12 21:34:17,"b'NOVEMBER, DECEMBER 2019 :60 minutes office presentations on #INDOOR #AIR #POLLUTION and #FAMILY #HEALTH and IMPROVI\xe2\x80\xa6 https://t.co/3Qh66AuJgD'"
2019-11-12 21:22:51,"b'RT @Pureclearwater2: @DevonWildlife @NFFNUK @PasturePromise Wet #woodland - rich in #wildlife, deep roots hold #soil in place, keeps moistu\xe2\x80\xa6'"
2019-11-12 20:14:53,b'@ojas_kaka @LetIndBreathe @CMOMaharashtra @CPCB_OFFICIAL Truly unfortunate the condition of #air pollution across o\xe2\x80\xa6 https://t.co/YtHvNbCw3G'
2019-11-12 18:20:06,"b'RT @Pureclearwater2: @DevonWildlife @NFFNUK @PasturePromise Wet #woodland - rich in #wildlife, deep roots hold #soil in place, keeps moistu\xe2\x80\xa6'"
2019-11-12 16:27:03,b'We might be surprised which #automakers are fighting the #CleanerCars #EnvironmentalStandards that help curb harmfu\xe2\x80\xa6 https://t.co/I9Pildft7b'
2019-11-12 15:43:02,b'RT @Dragofix: What did you do for clean air day? https://t.co/O3UpcT0R0t #CleanAirDay #environment #air #pollution #AirPollution #pollutant\xe2\x80\xa6'
2019-11-12 15:19:26,b'Air pollution predicted to exceed WHO limits at 80% of London monitoring sites\n| @Breathe_London | @WHO |\xe2\x80\xa6 https://t.co/Z2ZUp3xIyF'
2019-11-12 15:15:19,"b'RT @Pureclearwater2: @DevonWildlife @NFFNUK @PasturePromise Wet #woodland - rich in #wildlife, deep roots hold #soil in place, keeps moistu\xe2\x80\xa6'"
2019-11-12 13:44:14,b'Opinion | Ronald Coase has a solution for #Delhi\xe2\x80\x99s #air pollution #AQI #India https://t.co/waeagQoQlU'
2019-11-12 12:29:49,"b""RT @ShayarBaba_: What have we done to our #air, #water and #Earth.......\n\nIt's really #shameful for us that we are poisoning our #environme\xe2\x80\xa6"""
2019-11-12 11:51:49,"b""Absence of Haryana, Punjab #environment ministers in #air #pollution meeting a 'lax approach': Gahlot..isn't this '\xe2\x80\xa6 https://t.co/2Z0ORN4Eaf"""
2019-11-12 11:13:04,"b'#Nitrogen #Pollution the \xe2\x80\x9cgodfather of pollution,\xe2\x80\x9d is a major challenge in the 21st century, it contaminates the\xe2\x80\xa6 https://t.co/tzDJTkpZj5'"
2019-11-12 10:49:58,"b""What have we done to our #air, #water and #Earth.......\n\nIt's really #shameful for us that we are poisoning our\xe2\x80\xa6 https://t.co/Rdodkgav34"""
2019-11-12 09:22:22,"b'RT @TomRobe46565195: Burning of #plastic in the open air, leads to environmental pollution due to the release of poisonous chemicals. The p\xe2\x80\xa6'"
2019-11-12 08:53:49,b'Impact of #indoor #air #pollution on children and their health. \nDr Maria Neira\xc2\xa0@DrMariaNeira\xc2\xa0More3.... https://t.co/EsxtoGCVRU'
2019-11-12 08:52:43,b'What is the primary cause and reason or reasons for #INDOOR #AIR #POLLUTION ?   https://t.co/XlViq7CLJs'
2019-11-12 08:05:40,b'RT @PatientPlexus: Today is #WorldPneumoniaDay. #Pneumonia is the single largest #infectious cause of death in #children worldwide. It can\xe2\x80\xa6'
2019-11-12 04:30:07,b'Today is #WorldPneumoniaDay. #Pneumonia is the single largest #infectious cause of death in #children worldwide. It\xe2\x80\xa6 https://t.co/2HnWT9OPkQ'
2019-11-12 03:24:43,b'#INDOOR #AIR #POLLUTION effects on #children at #home. AIR and YOU: from Twitter:\nDr Maria Neira\xc2\xa0@DrMariaNeira\xc2\xa0More\xe2\x80\xa6 https://t.co/LJGjS3rY6N'
2019-11-12 03:22:12,b'AIR and YOU: #VIVENSO for Home helps in many ways to contain and reduce #indoor #air #pollution. https://t.co/FGySaA4hmZ'
2019-11-12 02:34:37,"b'#AIR #Pollution is its worst #indoors and within our #bedrooms, it is at its worst. Its immediate effects on health\xe2\x80\xa6 https://t.co/xsQguTTrz4'"
2019-11-12 01:59:56,b'#Air #pollution contributes half of #environmental #degradation #cost\nhttps://t.co/g1YalUH1jU https://t.co/n1uEoHjFsp'
2019-11-12 01:34:02,b'Pakistan pollution: Teens fight to save Lahore from toxic air - BBC News ..... Let us all save Our cities from\xe2\x80\xa6 https://t.co/TEBKiUI014'
2019-11-11 22:25:48,"b""India is facing the world's biggest pollution problem https://t.co/blSFFCn1Ob via @Reuters #FMI #SILAM #dispersion\xe2\x80\xa6 https://t.co/Qksr5skMqK"""
2019-11-11 22:06:05,"b'RT @Pureclearwater2: @DevonWildlife @NFFNUK @PasturePromise Wet #woodland - rich in #wildlife, deep roots hold #soil in place, keeps moistu\xe2\x80\xa6'"
2019-11-11 18:25:52,b'Invasion of Toxic Air now on @Spotify. Transform The Planet. @XformthePlanet #humanity #oceans #land #air #NewDelhi\xe2\x80\xa6 https://t.co/E7oUfjJ5ys'
2019-11-11 14:20:55,"b""RT @Rayaanwriter: India's air #pollution crisis is spiralling out of control. #Delhi's air is so toxic, it's like #smoking 148 #cigarettes\xe2\x80\xa6"""
2019-11-11 14:09:43,"b""RT @Rayaanwriter: India's air #pollution crisis is spiralling out of control. #Delhi's air is so toxic, it's like #smoking 148 #cigarettes\xe2\x80\xa6"""
2019-11-11 14:08:28,"b""India's air #pollution crisis is spiralling out of control. #Delhi's air is so toxic, it's like #smoking 148\xe2\x80\xa6 https://t.co/DYgJKCRprx"""
2019-11-11 14:00:04,b'RT @Rudhrasagriwor1: Any growth happens only by plantation. we are striving hard for change and looking for all your support. \n#plantforcha\xe2\x80\xa6'
2019-11-11 13:59:37,b'Any growth happens only by plantation. we are striving hard for change and looking for all your support.\xe2\x80\xa6 https://t.co/oDbZwfUK96'
2019-11-11 11:10:48,"b'RT @SeedsIndia: Chhath puja in Delhi this year was a toxic affair, with heavy and dense #air and #water pollution risking the lives of wome\xe2\x80\xa6'"
2019-11-11 09:55:32,"b'RT @NamugerwaLeah: Pollution chokes African lives, livelihood. The health of children in Nigeria is affected by \n#water and #air #pollution\xe2\x80\xa6'"
2019-11-11 09:24:19,"b'RT @arikring: #Air &amp; #Water #Pollution\n#GHG #ClimateChange\nBig Problems\nResulting in: Losses, #Health Problems even Death\nWe Can\nCut Fossil\xe2\x80\xa6'"
2019-11-11 09:12:52,"b'RT @SeedsIndia: Chhath puja in Delhi this year was a toxic affair, with heavy and dense #air and #water pollution risking the lives of wome\xe2\x80\xa6'"
2019-11-11 08:55:17,"b'RT @SeedsIndia: Chhath puja in Delhi this year was a toxic affair, with heavy and dense #air and #water pollution risking the lives of wome\xe2\x80\xa6'"
2019-11-11 08:54:25,"b'Chhath puja in Delhi this year was a toxic affair, with heavy and dense #air and #water pollution risking the lives\xe2\x80\xa6 https://t.co/7gG5LochYT'"
2019-11-11 07:28:41,"b""#Haze wraps #India's capital again as #air quality plummets\n#NewDelhi #pollution #environment\xe2\x80\xa6 https://t.co/VEU0Zu8SER"""
2019-11-11 06:45:48,b'Can we blame only the stubble burning for the pollution in Delhi &amp; Northern India? Or there are more that we are no\xe2\x80\xa6 https://t.co/NsGjwRwtZ5'
2019-11-11 06:20:37,"b""RT @beingdigitalz: It's time to care or you won't breathe #freshair!\n\n#Smog #delhi #delhismog #india #DelhiAirQuality #DelhiPollution #Air\xe2\x80\xa6"""
2019-11-11 05:13:09,"b""AQI (Air Quality Index) is actually a misnomer. Higher index doesn't mean high quality. It should pe API i.e. Air P\xe2\x80\xa6 https://t.co/RPky6CyDFr"""
2019-11-11 02:29:46,"b""RT @arikring: In a Few Years Many #Cars Will be #Electric\nWould Your #EV be 3D Printed?\n\nXEV's New E-Car: https://t.co/E7ooCNfaaQ\n\n#Polluti\xe2\x80\xa6"""
2019-11-11 02:11:50,b'RT @PSCAsafecities: Keep environment clean\n#PSCA #PPIC3 #Lahore #Weather #FridayThoughts #Precautions #environment #ClimateChange #pollutio\xe2\x80\xa6'
2019-11-11 01:16:12,"b'RT @Pureclearwater2: @DevonWildlife @NFFNUK @PasturePromise Wet #woodland - rich in #wildlife, deep roots hold #soil in place, keeps moistu\xe2\x80\xa6'"
2019-11-10 23:26:06,b'RT @XiaomiIndia: The deadliest killers are sometimes the things you cannot see. \xe2\x98\xa0\xef\xb8\x8f\n\nSafeguard the health of your loved ones and protect you\xe2\x80\xa6'
2019-11-10 22:44:34,b'RT @Dragofix: #Delhi\xe2\x80\x99s toxic politicians must be held to account for this deadly pollution https://t.co/jqp5zazRcP #environment #air #pollu\xe2\x80\xa6'
2019-11-10 22:39:52,b'RT @Dragofix: #Delhi\xe2\x80\x99s toxic politicians must be held to account for this deadly pollution https://t.co/jqp5zazRcP #environment #air #pollu\xe2\x80\xa6'
2019-11-10 22:33:45,"b'RT @arikring: #Air &amp; #Water #Pollution\n#GHG #ClimateChange\nBig Problems\nResulting in: Losses, #Health Problems even Death\nWe Can\nCut Fossil\xe2\x80\xa6'"
2019-11-10 22:33:35,"b""RT @arikring: In a Few Years Many #Cars Will be #Electric\nWould Your #EV be 3D Printed?\n\nXEV's New E-Car: https://t.co/E7ooCNfaaQ\n\n#Polluti\xe2\x80\xa6"""
2019-11-10 22:28:49,"b'RT @arikring: #Air &amp; #Water #Pollution\n#GHG #ClimateChange\nBig Problems\nResulting in: Losses, #Health Problems even Death\nWe Can\nCut Fossil\xe2\x80\xa6'"
2019-11-10 22:23:33,"b""RT @arikring: In a Few Years Many #Cars Will be #Electric\nWould Your #EV be 3D Printed?\n\nXEV's New E-Car: https://t.co/E7ooCNfaaQ\n\n#Polluti\xe2\x80\xa6"""
2019-11-10 21:53:03,b'RT @Dragofix: Air pollution in India is associated with higher risk of cardiovascular disease https://t.co/I2xxP7B6Qq #environment #air #po\xe2\x80\xa6'
2019-11-10 19:56:25,b'RT @Dragofix: Indian Capital New Delhi Faces Public Health Emergency as Air Pollution Reaches Toxic Levels https://t.co/fwrjk6rNkS #environ\xe2\x80\xa6'
2019-11-10 19:52:43,b'RT @Dragofix: Indian Capital New Delhi Faces Public Health Emergency as Air Pollution Reaches Toxic Levels https://t.co/fwrjk6rNkS #environ\xe2\x80\xa6'
2019-11-10 19:12:35,b'RT @Dragofix: Air pollution in India is associated with higher risk of cardiovascular disease https://t.co/I2xxP7B6Qq #environment #air #po\xe2\x80\xa6'
2019-11-10 18:52:02,b'RT @PSCAsafecities: Keep environment clean\n#PSCA #PPIC3 #Lahore #Weather #FridayThoughts #Precautions #environment #ClimateChange #pollutio\xe2\x80\xa6'
2019-11-10 18:37:08,b'RT @Dragofix: Indian Capital New Delhi Faces Public Health Emergency as Air Pollution Reaches Toxic Levels https://t.co/fwrjk6rNkS #environ\xe2\x80\xa6'
2019-11-10 18:34:47,b'RT @Dragofix: Indian Capital New Delhi Faces Public Health Emergency as Air Pollution Reaches Toxic Levels https://t.co/fwrjk6rNkS #environ\xe2\x80\xa6'
2019-11-10 17:46:31,b'RT @XiaomiIndia: The deadliest killers are sometimes the things you cannot see. \xe2\x98\xa0\xef\xb8\x8f\n\nSafeguard the health of your loved ones and protect you\xe2\x80\xa6'
2019-11-10 17:11:42,b'RT @Dragofix: #Nature might be better than #tech at reducing air pollution https://t.co/zpwONN4Ip9 #environment #air #pollution #AirPolluti\xe2\x80\xa6'
2019-11-10 17:08:51,b'RT @UNECE: Addressing #air pollution from the #transport residential heating and #energy production sectors.\n\nJust one the many @UNECE reco\xe2\x80\xa6'
2019-11-10 17:01:00,b'Addressing #air pollution from the #transport residential heating and #energy production sectors.\n\nJust one the man\xe2\x80\xa6 https://t.co/V50gcPON1n'
2019-11-10 16:42:12,b'RT @Dragofix: Prenatal exposure to pollution linked to brain changes related to behavioral problems https://t.co/cPfAJMXHho #environment #a\xe2\x80\xa6'
2019-11-10 16:14:58,b'RT @Dragofix: Combatting air pollution with nature https://t.co/FvvrI9Yk8W #nature #environment #air #pollution #AirPollution #pollutant #p\xe2\x80\xa6'
2019-11-10 14:37:16,b'RT @Dragofix: #Delhi\xe2\x80\x99s toxic politicians must be held to account for this deadly pollution https://t.co/jqp5zazRcP #environment #air #pollu\xe2\x80\xa6'
2019-11-10 14:36:24,b'RT @Dragofix: #Delhi\xe2\x80\x99s toxic politicians must be held to account for this deadly pollution https://t.co/jqp5zazRcP #environment #air #pollu\xe2\x80\xa6'
2019-11-10 14:12:24,"b'RT @Pureclearwater2: @DevonWildlife @NFFNUK @PasturePromise Wet #woodland - rich in #wildlife, deep roots hold #soil in place, keeps moistu\xe2\x80\xa6'"
2019-11-10 14:07:58,"b'RT @Dragofix: To reduce air pollution, New Delhi restricts cars to alternate days on the road https://t.co/4sxNgJwmkf #environment #air #po\xe2\x80\xa6'"
2019-11-10 14:03:15,b'RT @PSCAsafecities: Keep environment clean\n#PSCA #PPIC3 #Lahore #Weather #FridayThoughts #Precautions #environment #ClimateChange #pollutio\xe2\x80\xa6'
2019-11-10 14:00:37,b'Keep environment clean\n#PSCA #PPIC3 #Lahore #Weather #FridayThoughts #Precautions #environment #ClimateChange\xe2\x80\xa6 https://t.co/NF3NHArIuH'
2019-11-10 11:51:12,b'RT @XiaomiIndia: The deadliest killers are sometimes the things you cannot see. \xe2\x98\xa0\xef\xb8\x8f\n\nSafeguard the health of your loved ones and protect you\xe2\x80\xa6'
2019-11-10 11:28:23,"b'Egypt has rapidly added very large scale #solar in the past few years, ideal solution for a country with plenty of\xe2\x80\xa6 https://t.co/HIct80XwDg'"
2019-11-10 05:04:29,b'RT @XiaomiIndia: The deadliest killers are sometimes the things you cannot see. \xe2\x98\xa0\xef\xb8\x8f\n\nSafeguard the health of your loved ones and protect you\xe2\x80\xa6'
2019-11-10 03:50:30,b'RT @XiaomiIndia: The deadliest killers are sometimes the things you cannot see. \xe2\x98\xa0\xef\xb8\x8f\n\nSafeguard the health of your loved ones and protect you\xe2\x80\xa6'
2019-11-10 02:30:49,b'RT @XiaomiIndia: The deadliest killers are sometimes the things you cannot see. \xe2\x98\xa0\xef\xb8\x8f\n\nSafeguard the health of your loved ones and protect you\xe2\x80\xa6'
2019-11-10 02:17:39,b'RT @XiaomiIndia: The deadliest killers are sometimes the things you cannot see. \xe2\x98\xa0\xef\xb8\x8f\n\nSafeguard the health of your loved ones and protect you\xe2\x80\xa6'
2019-11-10 01:14:35,"b'RT @Pureclearwater2: @DevonWildlife @NFFNUK @PasturePromise Wet #woodland - rich in #wildlife, deep roots hold #soil in place, keeps moistu\xe2\x80\xa6'"
2019-11-10 01:00:00,b'The correlation between exposure to air pollution and mental health in children.\n\nhttps://t.co/l7TU2iU9qa\n\n#air\xe2\x80\xa6 https://t.co/DNcuBf5ARB'
2019-11-09 23:30:22,"b'RT @Pureclearwater2: @DevonWildlife @NFFNUK @PasturePromise Wet #woodland - rich in #wildlife, deep roots hold #soil in place, keeps moistu\xe2\x80\xa6'"
2019-11-09 23:22:20,"b'RT @Pureclearwater2: @DevonWildlife @NFFNUK @PasturePromise Wet #woodland - rich in #wildlife, deep roots hold #soil in place, keeps moistu\xe2\x80\xa6'"
2019-11-09 23:09:57,b'RT @Dragofix: #Delhi\xe2\x80\x99s toxic politicians must be held to account for this deadly pollution https://t.co/jqp5zazRcP #environment #air #pollu\xe2\x80\xa6'
2019-11-09 23:07:36,b'#Delhi\xe2\x80\x99s toxic politicians must be held to account for this deadly pollution https://t.co/jqp5zazRcP #environment\xe2\x80\xa6 https://t.co/qZS5s0wNS9'
2019-11-09 21:51:23,"b'RT @arikring: #Air &amp; #Water #Pollution\n#GHG #ClimateChange\nBig Problems\nResulting in: Losses, #Health Problems even Death\nWe Can\nCut Fossil\xe2\x80\xa6'"
2019-11-09 21:42:48,"b'RT @Pureclearwater2: @DevonWildlife @NFFNUK @PasturePromise Wet #woodland - rich in #wildlife, deep roots hold #soil in place, keeps moistu\xe2\x80\xa6'"
2019-11-09 20:58:21,"b'RT @arikring: #Air &amp; #Water #Pollution\n#GHG #ClimateChange\nBig Problems\nResulting in: Losses, #Health Problems even Death\nWe Can\nCut Fossil\xe2\x80\xa6'"
2019-11-09 20:56:19,"b'RT @arikring: #Air &amp; #Water #Pollution\n#GHG #ClimateChange\nBig Problems\nResulting in: Losses, #Health Problems even Death\nWe Can\nCut Fossil\xe2\x80\xa6'"
2019-11-09 19:05:04,"b'RT @Pureclearwater2: @DevonWildlife @NFFNUK @PasturePromise Wet #woodland - rich in #wildlife, deep roots hold #soil in place, keeps moistu\xe2\x80\xa6'"
2019-11-09 18:51:12,b'RT @XiaomiIndia: The deadliest killers are sometimes the things you cannot see. \xe2\x98\xa0\xef\xb8\x8f\n\nSafeguard the health of your loved ones and protect you\xe2\x80\xa6'
2019-11-09 18:01:10,"b'""As economies develop, #air #pollution tends to get worse before it gets better"" via @BjornLomborg\nSource:\xe2\x80\xa6 https://t.co/h3pv1KJKAJ'"
2019-11-09 17:41:50,"b'RT @Pureclearwater2: @DevonWildlife @NFFNUK @PasturePromise Wet #woodland - rich in #wildlife, deep roots hold #soil in place, keeps moistu\xe2\x80\xa6'"
2019-11-09 17:41:41,b'RT @XiaomiIndia: The deadliest killers are sometimes the things you cannot see. \xe2\x98\xa0\xef\xb8\x8f\n\nSafeguard the health of your loved ones and protect you\xe2\x80\xa6'
2019-11-09 17:36:14,b'RT @XiaomiIndia: The deadliest killers are sometimes the things you cannot see. \xe2\x98\xa0\xef\xb8\x8f\n\nSafeguard the health of your loved ones and protect you\xe2\x80\xa6'
2019-11-09 17:25:29,b'RT @Dragofix: Indian Capital New Delhi Faces Public Health Emergency as Air Pollution Reaches Toxic Levels https://t.co/fwrjk6rNkS #environ\xe2\x80\xa6'
2019-11-09 17:24:50,b'Indian Capital New Delhi Faces Public Health Emergency as Air Pollution Reaches Toxic Levels\xe2\x80\xa6 https://t.co/iLhAWaRxpn'
2019-11-09 17:22:58,"b'RT @Pureclearwater2: @DevonWildlife @NFFNUK @PasturePromise Wet #woodland - rich in #wildlife, deep roots hold #soil in place, keeps moistu\xe2\x80\xa6'"
2019-11-09 16:50:13,b'RT @XiaomiIndia: The deadliest killers are sometimes the things you cannot see. \xe2\x98\xa0\xef\xb8\x8f\n\nSafeguard the health of your loved ones and protect you\xe2\x80\xa6'
2019-11-09 16:16:26,"b""RT @beingdigitalz: It's time to care or you won't breathe #freshair!\n\n#Smog #delhi #delhismog #india #DelhiAirQuality #DelhiPollution #Air\xe2\x80\xa6"""
2019-11-09 16:13:25,b'RT @XiaomiIndia: The deadliest killers are sometimes the things you cannot see. \xe2\x98\xa0\xef\xb8\x8f\n\nSafeguard the health of your loved ones and protect you\xe2\x80\xa6'
2019-11-09 15:49:05,b'RT @XiaomiIndia: The deadliest killers are sometimes the things you cannot see. \xe2\x98\xa0\xef\xb8\x8f\n\nSafeguard the health of your loved ones and protect you\xe2\x80\xa6'
2019-11-09 15:41:22,b'RT @XiaomiIndia: The deadliest killers are sometimes the things you cannot see. \xe2\x98\xa0\xef\xb8\x8f\n\nSafeguard the health of your loved ones and protect you\xe2\x80\xa6'
2019-11-09 15:18:59,b'RT @XiaomiIndia: The deadliest killers are sometimes the things you cannot see. \xe2\x98\xa0\xef\xb8\x8f\n\nSafeguard the health of your loved ones and protect you\xe2\x80\xa6'
2019-11-09 14:32:17,"b'RT @Pureclearwater2: @DevonWildlife @NFFNUK @PasturePromise Wet #woodland - rich in #wildlife, deep roots hold #soil in place, keeps moistu\xe2\x80\xa6'"
2019-11-09 14:04:44,b'#Air Pollution: How Air Pollution Is Impairing Yours And Our Health#healthcorner#health #healthcorner\xe2\x80\xa6 https://t.co/193BLECAzB'
2019-11-09 14:04:42,b'#Air Pollution: How Air Pollution Is Impairing Yours And Our Health#healthcorner#health #healthcorner\xe2\x80\xa6 https://t.co/8YcnHffQ0m'
2019-11-09 13:48:26,b'RT @XiaomiIndia: The deadliest killers are sometimes the things you cannot see. \xe2\x98\xa0\xef\xb8\x8f\n\nSafeguard the health of your loved ones and protect you\xe2\x80\xa6'
2019-11-09 13:46:12,b'RT @XiaomiIndia: The deadliest killers are sometimes the things you cannot see. \xe2\x98\xa0\xef\xb8\x8f\n\nSafeguard the health of your loved ones and protect you\xe2\x80\xa6'
2019-11-09 13:41:41,b'RT @XiaomiIndia: The deadliest killers are sometimes the things you cannot see. \xe2\x98\xa0\xef\xb8\x8f\n\nSafeguard the health of your loved ones and protect you\xe2\x80\xa6'
2019-11-09 13:33:07,b'RT @XiaomiIndia: The deadliest killers are sometimes the things you cannot see. \xe2\x98\xa0\xef\xb8\x8f\n\nSafeguard the health of your loved ones and protect you\xe2\x80\xa6'
2019-11-09 13:09:59,b'RT @XiaomiIndia: The deadliest killers are sometimes the things you cannot see. \xe2\x98\xa0\xef\xb8\x8f\n\nSafeguard the health of your loved ones and protect you\xe2\x80\xa6'
2019-11-09 12:46:50,b'Making another #DelhiPollution in #Pune #pimplesaudagar . Uneducated people making #air poisonous. @PuneCityPolice\xe2\x80\xa6 https://t.co/3r9X1tDrMA'
2019-11-09 12:17:18,b'RT @XiaomiIndia: The deadliest killers are sometimes the things you cannot see. \xe2\x98\xa0\xef\xb8\x8f\n\nSafeguard the health of your loved ones and protect you\xe2\x80\xa6'
2019-11-09 12:11:17,b'RT @XiaomiIndia: The deadliest killers are sometimes the things you cannot see. \xe2\x98\xa0\xef\xb8\x8f\n\nSafeguard the health of your loved ones and protect you\xe2\x80\xa6'
2019-11-09 11:46:50,b'RT @XiaomiIndia: The deadliest killers are sometimes the things you cannot see. \xe2\x98\xa0\xef\xb8\x8f\n\nSafeguard the health of your loved ones and protect you\xe2\x80\xa6'
2019-11-09 11:45:36,b'RT @XiaomiIndia: The deadliest killers are sometimes the things you cannot see. \xe2\x98\xa0\xef\xb8\x8f\n\nSafeguard the health of your loved ones and protect you\xe2\x80\xa6'
2019-11-09 11:43:53,b'RT @XiaomiIndia: The deadliest killers are sometimes the things you cannot see. \xe2\x98\xa0\xef\xb8\x8f\n\nSafeguard the health of your loved ones and protect you\xe2\x80\xa6'
2019-11-09 11:43:05,b'RT @XiaomiIndia: The deadliest killers are sometimes the things you cannot see. \xe2\x98\xa0\xef\xb8\x8f\n\nSafeguard the health of your loved ones and protect you\xe2\x80\xa6'
2019-11-09 11:35:13,b'RT @XiaomiIndia: The deadliest killers are sometimes the things you cannot see. \xe2\x98\xa0\xef\xb8\x8f\n\nSafeguard the health of your loved ones and protect you\xe2\x80\xa6'
2019-11-09 11:34:47,b'RT @XiaomiIndia: The deadliest killers are sometimes the things you cannot see. \xe2\x98\xa0\xef\xb8\x8f\n\nSafeguard the health of your loved ones and protect you\xe2\x80\xa6'
2019-11-09 11:34:38,b'RT @XiaomiIndia: The deadliest killers are sometimes the things you cannot see. \xe2\x98\xa0\xef\xb8\x8f\n\nSafeguard the health of your loved ones and protect you\xe2\x80\xa6'
2019-11-09 11:32:26,b'RT @XiaomiIndia: The deadliest killers are sometimes the things you cannot see. \xe2\x98\xa0\xef\xb8\x8f\n\nSafeguard the health of your loved ones and protect you\xe2\x80\xa6'
2019-11-09 11:32:04,b'RT @XiaomiIndia: The deadliest killers are sometimes the things you cannot see. \xe2\x98\xa0\xef\xb8\x8f\n\nSafeguard the health of your loved ones and protect you\xe2\x80\xa6'
2019-11-09 11:30:00,b'The deadliest killers are sometimes the things you cannot see. \xe2\x98\xa0\xef\xb8\x8f\n\nSafeguard the health of your loved ones and prot\xe2\x80\xa6 https://t.co/yLjBQOz4oB'
2019-11-09 09:32:21,"b'@DevonWildlife @NFFNUK @PasturePromise Wet #woodland - rich in #wildlife, deep roots hold #soil in place, keeps moi\xe2\x80\xa6 https://t.co/OrIftbWqSx'"
2019-11-09 08:49:16,b'Does your city also experience severe #air pollution? This is how #AI is helping municipal authorities keep nitroge\xe2\x80\xa6 https://t.co/qlUn42vumi'
2019-11-09 08:00:10,"b""#Brighton, let's go #pollution FREE!\n\n#Deliveroo #justeat and #ubereats all uses gas guzzling vehicles that pollute\xe2\x80\xa6 https://t.co/RC0GgWGvAB"""
2019-11-09 05:52:11,b'RT @Mona_zoghby: Does your city also experience severe #air pollution? This is how #AI is helping municipal authorities keep nitrogen oxide\xe2\x80\xa6'
2019-11-09 05:23:01,b'RT @Dragofix: Air pollution in India is associated with higher risk of cardiovascular disease https://t.co/I2xxP7B6Qq #environment #air #po\xe2\x80\xa6'
2019-11-09 04:45:25,b'Does your city also experience severe #air pollution? This is how #AI is helping municipal authorities keep nitroge\xe2\x80\xa6 https://t.co/vZHV5Gai1r'
2019-11-08 20:31:55,"b""Air #pollution associated with #traffic has dropped by more than a third inside #London's Ultra Low Emission Zone.\xe2\x80\xa6 https://t.co/iuCPg5fSj9"""
2019-11-08 19:34:57,b'Air pollution in India is associated with higher risk of cardiovascular disease https://t.co/I2xxP7B6Qq\xe2\x80\xa6 https://t.co/7mnWmjFRnN'
2019-11-08 18:48:22,b'#Gods In #Delhi #Temples Get #Anti-Pollution #Masks To #Avoid #Toxic #air https://t.co/jW4HZ4A2K7'
2019-11-08 18:48:01,"b'Air pollution is getting worse, and data show more people are dying - #bigdata #data #analytics #deeplearning\xe2\x80\xa6 https://t.co/JbRtVLp8oM'"
2019-11-08 16:39:28,b'#Plants better than tech for reducing #air pollution https://t.co/jp7sxFLL3r via @TreeHugger  #Nature #Environment\xe2\x80\xa6 https://t.co/oOvmPlL2Mo'
2019-11-08 16:01:05,"b'RT @XiaomiIndia: Rising #pollution levels need newer, better solutions. Introducing the all-new #MiAirPurifier3 - our most powerful #air pu\xe2\x80\xa6'"
2019-11-08 16:00:19,b'@NepaliMaan8 @kashthefuturist I concur to the insinuation the tweet made. Coliform bacteria in water supply. Air qu\xe2\x80\xa6 https://t.co/5KdvusZmKZ'
2019-11-08 15:50:32,b'#Nature might be better than #tech at reducing air pollution https://t.co/zpwONN4Ip9 #environment #air #pollution\xe2\x80\xa6 https://t.co/wXdBSpuYuV'
2019-11-08 15:19:02,b'Factory closures due to #air quality concerns https://t.co/JXZV3mZxlG'
2019-11-08 14:38:58,"b""#India #Air #Pollution #Health --&gt; World's worst air: India's pollution crisis in perspective | Article [AMP] | Reu\xe2\x80\xa6 https://t.co/eMIXsxw6mK"""
2019-11-08 13:52:03,"b'RT @PatientPlexus: #AirPollution is an invisible killer. 1/3 of deaths from #Stroke, #LungCancer &amp; #HeartDisease are due to #air #pollution\xe2\x80\xa6'"
2019-11-08 13:36:37,"b'RT @PatientPlexus: #AirPollution is an invisible killer. 1/3 of deaths from #Stroke, #LungCancer &amp; #HeartDisease are due to #air #pollution\xe2\x80\xa6'"
2019-11-08 12:56:42,"b'RT @XiaomiIndia: Rising #pollution levels need newer, better solutions. Introducing the all-new #MiAirPurifier3 - our most powerful #air pu\xe2\x80\xa6'"
2019-11-08 11:59:37,b'Students of International College of Fashion volunteering in support to the ODD &amp; Even drive to control air polluti\xe2\x80\xa6 https://t.co/Z3fW6jhQOb'
2019-11-08 11:43:47,b'Prenatal exposure to pollution linked to brain changes related to behavioral problems https://t.co/cPfAJMXHho\xe2\x80\xa6 https://t.co/Fr3Iztwkx8'
2019-11-08 11:35:25,b'Combatting air pollution with nature https://t.co/FvvrI9Yk8W #nature #environment #air #pollution #AirPollution\xe2\x80\xa6 https://t.co/rqAwqbYoI0'
2019-11-08 08:42:01,"b""@nonkelpier Let's hope they can also stop the wind from the #harbor to reduce #air #pollution \xf0\x9f\x98\x89"""
2019-11-08 07:36:28,"b'RT @QuintFit: The #air quality is at a crisis level in India, says #UNICEF. Children are especially at risk.  \nhttps://t.co/QDmBZlDaV5'"
2019-11-08 07:30:44,"b'RT @QuintFit: The #air quality is at a crisis level in India, says #UNICEF. Children are especially at risk.  \nhttps://t.co/QDmBZlDaV5'"
2019-11-08 07:30:07,"b'The #air quality is at a crisis level in India, says #UNICEF. Children are especially at risk.  \nhttps://t.co/QDmBZlDaV5'"
2019-11-08 05:09:38,"b'#AirPollution is an invisible killer. 1/3 of deaths from #Stroke, #LungCancer &amp; #HeartDisease are due to #air\xe2\x80\xa6 https://t.co/LmxE050jT3'"
2019-11-08 04:30:28,"b'RT @XiaomiIndia: Rising #pollution levels need newer, better solutions. Introducing the all-new #MiAirPurifier3 - our most powerful #air pu\xe2\x80\xa6'"
2019-11-07 18:57:10,"b'RT @XiaomiIndia: Indoor #air #pollution is real. #MiAirPurifier2C comes with a True HEPA filter, that can clean 99.97% dust particles insid\xe2\x80\xa6'"
2019-11-07 18:11:50,"b'Truth About Our Air Quality, listen to Antonio Saillant as he talks about this topic on #JustSayHolaPodcast on\xe2\x80\xa6 https://t.co/Vwz6Xv399i'"
2019-11-07 15:47:06,"b'Check out, Just Say Hola!, on Stitcher! #humanity #oceans #land #air #pollution https://t.co/goX7x6HC36'"
2019-11-07 15:43:46,"b""@Allehone Dear Allehone, check out https://t.co/wp7H1l9ddd. We're a self-funded citizen initiative, measuring fine\xe2\x80\xa6 https://t.co/BlJsf0hyYX"""
2019-11-07 14:33:57,"b'Breathing With A Burden: The Perennial Issue Of Air Pollution -DelhiAirPollution\n\n#air #pollution #transportation,\xe2\x80\xa6 https://t.co/jE95QPzSma'"
2019-11-07 12:16:16,b'#air pollution in the western balkans\nThe main sources of fine particles are coal power plants and wood burning\xe2\x80\xa6 https://t.co/7vj4BVH3Vm'
2019-11-07 12:05:25,"b'RT @XiaomiIndia: Rising #pollution levels need newer, better solutions. Introducing the all-new #MiAirPurifier3 - our most powerful #air pu\xe2\x80\xa6'"
2019-11-07 11:28:30,b'When the good news is sad too \n\n\xe2\x80\x9cthe air quality in Delhi and NCR improved to \xe2\x80\x98poor\xe2\x80\x99 category on Wednesday\xe2\x80\x9d\n\n#Air #Climate #Delhi #Pollution'
2019-11-07 11:12:38,"b'To reduce air pollution, New Delhi restricts cars to alternate days on the road https://t.co/4sxNgJwmkf\xe2\x80\xa6 https://t.co/ozLaiyE2NW'"
2019-11-07 10:46:39,b'So important. Please turn off your engine! #DontBeIdle #pollution #air #airquality #environment #health\xe2\x80\xa6 https://t.co/uLNIRbbn6f'
2019-11-07 10:45:53,b'RT @annadurbanova: #NewDelhi #air #pollution emergency: 10 times the safe limit - @impakterdotcom https://t.co/ot1oBQgexh #health #india ht\xe2\x80\xa6'
2019-11-07 10:13:15,b'Will Odd Even Rule help in controlling the extreme levels of Pollution and the Air Quality Index of Delhi?\n#delhi\xe2\x80\xa6 https://t.co/a0KAjGMwao'
2019-11-07 08:30:08,"b""#Pollution free food delivery with amazing discounts, that's what you get when you order your lunch or #dinner usin\xe2\x80\xa6 https://t.co/e8FnNLgLoF"""
2019-11-07 08:28:39,b'RT @physorg_com: Nature might be better than tech at reducing #air #pollution @OhioState @EnvSciTech https://t.co/F2SeILRNdV'
2019-11-07 08:12:09,b'RT @physorg_com: Nature might be better than tech at reducing #air #pollution @OhioState @EnvSciTech https://t.co/F2SeILRNdV'
2019-11-07 07:48:18,b'#SriLanka issued an alert on unusually high #air-pollution and asked persons with respiratory ailments to exercise\xe2\x80\xa6 https://t.co/IlftfjdU9p'
2019-11-07 06:15:52,"b'Sonshi villagers move high court, seek quashing of FIR against them #Goa #Sonshi #mining #45 #villagers #seek\xe2\x80\xa6 https://t.co/zyVcmnHq4c'"
2019-11-07 06:03:01,"b'RT @XiaomiIndia: Rising #pollution levels need newer, better solutions. Introducing the all-new #MiAirPurifier3 - our most powerful #air pu\xe2\x80\xa6'"
2019-11-07 05:42:37,b'Students of International College of Fashion volunteering in support to the ODD &amp; Even drive to control air polluti\xe2\x80\xa6 https://t.co/Rs3NT6SsR1'
2019-11-07 04:54:17,b'#Delhi #air #pollution protest spares no politician. All held responsible.\n#Environment #health https://t.co/08pPdgCCrq'
2019-11-07 04:28:29,"b'RT @XiaomiIndia: Rising #pollution levels need newer, better solutions. Introducing the all-new #MiAirPurifier3 - our most powerful #air pu\xe2\x80\xa6'"
2019-11-07 04:20:29,"b'RT @XiaomiIndia: Rising #pollution levels need newer, better solutions. Introducing the all-new #MiAirPurifier3 - our most powerful #air pu\xe2\x80\xa6'"
2019-11-07 03:46:26,b'RT @AirOK_purifiers: AirOk N-99 mask got featured in the Outlook (The News Scroll). AirOk 5 layer anti nicotine bacterial control helps you\xe2\x80\xa6'
2019-11-07 01:46:59,b'#Violence Is in the #Air via @thenation https://t.co/3ATVY0juIU #urbanplanning #ClimateChange'
2019-11-07 00:38:09,"b'RT @XiaomiIndia: Rising #pollution levels need newer, better solutions. Introducing the all-new #MiAirPurifier3 - our most powerful #air pu\xe2\x80\xa6'"
2019-11-06 23:29:03,"b'RT @GETAnalysis: Its unthinkable that #people have been living in these #conditions for #decades. River #Yamuna, and the #Delhi #air, weren\xe2\x80\xa6'"
2019-11-06 22:02:45,"b'Truth About Our Air Quality, listen to Antonio Saillant as he talks about this topic on #JustSayHolaPodcast on\xe2\x80\xa6 https://t.co/i001p7KQf1'"
2019-11-06 21:56:17,b'RT @annadurbanova: #NewDelhi #air #pollution emergency: 10 times the safe limit - @impakterdotcom https://t.co/ot1oBQgexh #health #india ht\xe2\x80\xa6'
2019-11-06 21:53:53,b'RT @SafeGasoline: #Gasoline is a significant contributor to #air #pollution and other research has found that #PAHs can also cause lung can\xe2\x80\xa6'
2019-11-06 21:00:59,b'#Gasoline is a significant contributor to #air #pollution and other research has found that #PAHs can also cause lu\xe2\x80\xa6 https://t.co/uScV2QGDeZ'
2019-11-06 20:31:19,b'RT @physorg_com: Nature might be better than tech at reducing #air #pollution @OhioState @EnvSciTech https://t.co/F2SeILRNdV'
2019-11-06 19:44:51,"b'RT @HUInsider: According to a @WHO survey, 92 percent of the Earth\xe2\x80\x99s population live in places where #air #pollution is above acceptable he\xe2\x80\xa6'"
2019-11-06 19:05:13,b'Bristol City Council outline proposals to introduce Clean Air Zone https://t.co/cPPP1Ue8sC #Bristol #pollution\xe2\x80\xa6 https://t.co/ZanErvnmRP'
2019-11-06 18:38:35,b'RT @MassDEP: @MassDEP penalizes Precision Coating for odor &amp; #air #pollution violations at its manufacturing plant in #Hudson https://t.co/\xe2\x80\xa6'
2019-11-06 18:35:15,b'@MassDEP penalizes Precision Coating for odor &amp; #air #pollution violations at its manufacturing plant in #Hudson https://t.co/IYuEowvyRD'
2019-11-06 18:28:47,"b'RT @XiaomiIndia: Rising #pollution levels need newer, better solutions. Introducing the all-new #MiAirPurifier3 - our most powerful #air pu\xe2\x80\xa6'"
2019-11-06 18:26:17,"b'RT @XiaomiIndia: Rising #pollution levels need newer, better solutions. Introducing the all-new #MiAirPurifier3 - our most powerful #air pu\xe2\x80\xa6'"
2019-11-06 17:58:39,b'The concept that #plants reduce levels of #VOCs is not as powerful as sometimes claimed according to a study. For b\xe2\x80\xa6 https://t.co/EeABLgpA9c'
2019-11-06 17:23:47,b'Research maps link between #air pollution and obesity @untnews https://t.co/zmaKoUmsAA'
2019-11-06 17:06:04,b'RT @annadurbanova: #NewDelhi #air #pollution emergency: 10 times the safe limit - @impakterdotcom https://t.co/ot1oBQgexh #health #india ht\xe2\x80\xa6'
2019-11-06 16:50:55,"b'RT @XiaomiIndia: Rising #pollution levels need newer, better solutions. Introducing the all-new #MiAirPurifier3 - our most powerful #air pu\xe2\x80\xa6'"
2019-11-06 16:46:04,"b'RT @XiaomiIndia: Rising #pollution levels need newer, better solutions. Introducing the all-new #MiAirPurifier3 - our most powerful #air pu\xe2\x80\xa6'"
2019-11-06 16:38:33,b'RT @physorg_com: Nature might be better than tech at reducing #air #pollution @OhioState @EnvSciTech https://t.co/F2SeILRNdV'
2019-11-06 16:27:54,"b""Could #IoT provide the answer to India's #air pollution crisis? Find out in this blog post by my #Ericsson colleagu\xe2\x80\xa6 https://t.co/luRVFdrAja"""
2019-11-06 16:04:55,b'#NewDelhi #air #pollution emergency: 10 times the safe limit - @impakterdotcom https://t.co/ot1oBQgexh #health\xe2\x80\xa6 https://t.co/PT6C87UdVE'
2019-11-06 15:51:24,"b'""U.S and China saw some of the biggest rises in greenhouse gas emissions last year due to booming energy consumptio\xe2\x80\xa6 https://t.co/jjQA7TWZEY'"
2019-11-06 15:49:05,"b'RT @XiaomiIndia: Rising #pollution levels need newer, better solutions. Introducing the all-new #MiAirPurifier3 - our most powerful #air pu\xe2\x80\xa6'"
2019-11-06 15:49:01,b'RT @physorg_com: Nature might be better than tech at reducing #air #pollution @OhioState @EnvSciTech https://t.co/F2SeILRNdV'
2019-11-06 15:43:35,b'RT @TransportBrit: Bristol City Council outline proposals to introduce Clean Air Zone https://t.co/cPPP1Ue8sC #Bristol #pollution #diesel #\xe2\x80\xa6'
2019-11-06 15:40:53,b'RT @physorg_com: Nature might be better than tech at reducing #air #pollution @OhioState @EnvSciTech https://t.co/F2SeILRNdV'
2019-11-06 15:30:42,b'RT @physorg_com: Nature might be better than tech at reducing #air #pollution @OhioState @EnvSciTech https://t.co/F2SeILRNdV'
2019-11-06 14:58:37,"b'RT @XiaomiIndia: Rising #pollution levels need newer, better solutions. Introducing the all-new #MiAirPurifier3 - our most powerful #air pu\xe2\x80\xa6'"
2019-11-06 14:55:10,"b'RT @XiaomiIndia: Rising #pollution levels need newer, better solutions. Introducing the all-new #MiAirPurifier3 - our most powerful #air pu\xe2\x80\xa6'"
2019-11-06 14:53:50,b'RT @physorg_com: Nature might be better than tech at reducing #air #pollution @OhioState @EnvSciTech https://t.co/F2SeILRNdV'
2019-11-06 14:50:56,b'RT @physorg_com: Nature might be better than tech at reducing #air #pollution @OhioState @EnvSciTech https://t.co/F2SeILRNdV'
2019-11-06 14:38:32,b'RT @physorg_com: Nature might be better than tech at reducing #air #pollution @OhioState @EnvSciTech https://t.co/F2SeILRNdV'
2019-11-06 14:32:55,b'RT @physorg_com: Nature might be better than tech at reducing #air #pollution @OhioState @EnvSciTech https://t.co/F2SeILRNdV'
2019-11-06 14:27:32,b'RT @physorg_com: Nature might be better than tech at reducing #air #pollution @OhioState @EnvSciTech https://t.co/F2SeILRNdV'
2019-11-06 14:22:49,b'RT @physorg_com: Nature might be better than tech at reducing #air #pollution @OhioState @EnvSciTech https://t.co/F2SeILRNdV'
2019-11-06 14:11:52,b'RT @physorg_com: Nature might be better than tech at reducing #air #pollution @OhioState @EnvSciTech https://t.co/F2SeILRNdV'
2019-11-06 14:11:52,b'Nature might be better than tech at reducing #air #pollution @OhioState @EnvSciTech https://t.co/F2SeILRNdV'
2019-11-06 13:32:14,"b'RT @XiaomiIndia: Rising #pollution levels need newer, better solutions. Introducing the all-new #MiAirPurifier3 - our most powerful #air pu\xe2\x80\xa6'"
2019-11-06 13:14:44,"b'...now this is something we should get behind! The survival of humans on this planet demands it, otherwise we\xe2\x80\x99ll ch\xe2\x80\xa6 https://t.co/RTFQnjCnLe'"
2019-11-06 13:00:02,b'Combatting #air #pollution with nature @EnvSciTech https://t.co/44URKVrF6g'
2019-11-06 12:53:06,"b'RT @XiaomiIndia: Rising #pollution levels need newer, better solutions. Introducing the all-new #MiAirPurifier3 - our most powerful #air pu\xe2\x80\xa6'"
2019-11-06 12:52:45,b'#Air Pollution: How Air Pollution Is Impairing Yours And Our Healthhttps://vilabin.com/article/air-pollution-how-ai\xe2\x80\xa6 https://t.co/XTV7QaDY2P'
2019-11-06 12:52:43,b'#Air Pollution: How Air Pollution Is Impairing Yours And Our Healthhttps://vilabin.com/article/air-pollution-how-ai\xe2\x80\xa6 https://t.co/iWfiAGoS84'
2019-11-06 12:20:12,"b'Health care is important, so is the environment care.\nFight against air pollution.\nUse eco-friendly products and st\xe2\x80\xa6 https://t.co/dPfHTvkalf'"
2019-11-06 12:19:44,"b'RT @XiaomiIndia: Rising #pollution levels need newer, better solutions. Introducing the all-new #MiAirPurifier3 - our most powerful #air pu\xe2\x80\xa6'"
2019-11-06 12:01:17,b'#Takeaway Knight: The only online #food ordering platform - with an Eco friendly delivery service. \xf0\x9f\x8c\x8f NO #POLLUTION\xe2\x80\xa6 https://t.co/lEbLppMBsE'
2019-11-06 11:57:30,"b'RT @XiaomiIndia: Rising #pollution levels need newer, better solutions. Introducing the all-new #MiAirPurifier3 - our most powerful #air pu\xe2\x80\xa6'"
2019-11-06 11:54:09,"b'RT @XiaomiIndia: Rising #pollution levels need newer, better solutions. Introducing the all-new #MiAirPurifier3 - our most powerful #air pu\xe2\x80\xa6'"
2019-11-06 11:40:37,b'Bristol City Council outline proposals to introduce Clean Air Zone https://t.co/cPPP1Ue8sC #Bristol #pollution\xe2\x80\xa6 https://t.co/sWVFDcDyg0'
2019-11-06 11:37:49,b'AirOk N-99 mask got featured in the Outlook (The News Scroll). AirOk 5 layer anti nicotine bacterial control helps\xe2\x80\xa6 https://t.co/jdkXgw6D9A'
2019-11-06 11:13:45,"b'RT @XiaomiIndia: Rising #pollution levels need newer, better solutions. Introducing the all-new #MiAirPurifier3 - our most powerful #air pu\xe2\x80\xa6'"
2019-11-06 11:02:26,b'Does your city also experience severe #air pollution? \n\nThis is how #AI is helping municipal authorities keep nitro\xe2\x80\xa6 https://t.co/fjgQ5w4W57'
2019-11-06 10:53:36,"b'RT @XiaomiIndia: Rising #pollution levels need newer, better solutions. Introducing the all-new #MiAirPurifier3 - our most powerful #air pu\xe2\x80\xa6'"
2019-11-06 10:40:28,"b'We need to plant trees to save our coming generations!! Plants trees indoor and outdoor. Purify air, purify your ho\xe2\x80\xa6 https://t.co/pQCUAYBaw4'"
2019-11-06 10:40:00,b'Uttar Pradesh: #Kanpur reels under poor #air quality and #pollution\nhttps://t.co/gWX8iGNi7B'
2019-11-06 10:28:47,b'Schools reopen in #NewDelhi with #air pollution falling https://t.co/cXAlx82lrZ'
2019-11-06 10:25:59,"b""Have you registered yet? Our 'Understanding #Air #Pollution and How it Can Affect Your #Development Site' #webinar\xe2\x80\xa6 https://t.co/pfh12oF8rD"""
2019-11-06 10:21:40,b'#poor #air cuts life expectancy in #india\n#airpollution #pollution https://t.co/uuyuUpjxms'
2019-11-06 10:20:14,b'#poor #air cuts life expectancy in #india\n#airpollution #pollution https://t.co/zOHYsTNmAL'
2019-11-06 10:16:42,"b""RT @EconomicTimes: Supreme Court on #air #pollution: Justice Arun Mishra says, will summon the States' chief secretaries. Gram pradhans, lo\xe2\x80\xa6"""
2019-11-06 09:56:04,b'Playin a Doctor again..New Adfilm for BreatheEasy air Purifier.. A must for current pollution situation #new\xe2\x80\xa6 https://t.co/fD0nx1jdiF'
2019-11-06 09:54:15,"b'RT @XiaomiIndia: Rising #pollution levels need newer, better solutions. Introducing the all-new #MiAirPurifier3 - our most powerful #air pu\xe2\x80\xa6'"
2019-11-06 09:50:27,b'#Air Pollution: How Air Pollution Is Impairing Yours And Our Healthhttps://vilabin.com/article/air-pollution-how-ai\xe2\x80\xa6 https://t.co/SspOM9MAw5'
2019-11-06 09:50:26,b'#Air Pollution: How Air Pollution Is Impairing Yours And Our Healthhttps://vilabin.com/article/air-pollution-how-ai\xe2\x80\xa6 https://t.co/MLbmpuoCO3'
2019-11-06 09:16:15,"b'RT @XiaomiIndia: Rising #pollution levels need newer, better solutions. Introducing the all-new #MiAirPurifier3 - our most powerful #air pu\xe2\x80\xa6'"
2019-11-06 08:52:47,"b'Day after day, the poor inhabitants of these cities are falling ill to, suffering, and prematurely dying from respi\xe2\x80\xa6 https://t.co/KOIDiXdbV6'"
2019-11-06 08:41:04,"b'Until government agencies in India and Pakistan take a disciplined, scientific approach to this problem - starting\xe2\x80\xa6 https://t.co/uKSuyjUPU1'"
2019-11-06 08:36:56,"b'How years of system neglect, ignoring science and its implications for the living environment can kill a city of ov\xe2\x80\xa6 https://t.co/lOjzheJpzb'"
2019-11-06 08:15:48,"b'RT @XiaomiIndia: Rising #pollution levels need newer, better solutions. Introducing the all-new #MiAirPurifier3 - our most powerful #air pu\xe2\x80\xa6'"
2019-11-06 07:46:51,"b'RT @XiaomiIndia: Rising #pollution levels need newer, better solutions. Introducing the all-new #MiAirPurifier3 - our most powerful #air pu\xe2\x80\xa6'"
2019-11-06 07:40:09,"b'RT @XiaomiIndia: Rising #pollution levels need newer, better solutions. Introducing the all-new #MiAirPurifier3 - our most powerful #air pu\xe2\x80\xa6'"
2019-11-06 07:33:46,"b'RT @XiaomiIndia: Rising #pollution levels need newer, better solutions. Introducing the all-new #MiAirPurifier3 - our most powerful #air pu\xe2\x80\xa6'"
2019-11-06 07:30:57,"b'RT @XiaomiIndia: Rising #pollution levels need newer, better solutions. Introducing the all-new #MiAirPurifier3 - our most powerful #air pu\xe2\x80\xa6'"
2019-11-06 07:21:29,"b'RT @XiaomiIndia: Rising #pollution levels need newer, better solutions. Introducing the all-new #MiAirPurifier3 - our most powerful #air pu\xe2\x80\xa6'"
2019-11-06 07:20:35,"b'RT @XiaomiIndia: Rising #pollution levels need newer, better solutions. Introducing the all-new #MiAirPurifier3 - our most powerful #air pu\xe2\x80\xa6'"
2019-11-06 07:18:07,"b'RT @XiaomiIndia: Rising #pollution levels need newer, better solutions. Introducing the all-new #MiAirPurifier3 - our most powerful #air pu\xe2\x80\xa6'"
2019-11-06 07:17:19,"b'RT @XiaomiIndia: Rising #pollution levels need newer, better solutions. Introducing the all-new #MiAirPurifier3 - our most powerful #air pu\xe2\x80\xa6'"
2019-11-06 07:14:51,b'Air Pollution Can Drag One to Cognitive Illness\n#Airpollution #disease #airquality #air #pollution #delhi\xe2\x80\xa6 https://t.co/7oAto1Ywu5'
2019-11-06 07:11:33,"b""RT @beingdigitalz: It's time to care or you won't breathe #freshair!\n\n#Smog #delhi #delhismog #india #DelhiAirQuality #DelhiPollution #Air\xe2\x80\xa6"""
2019-11-06 07:10:12,"b""RT @beingdigitalz: It's time to care or you won't breathe #freshair!\n\n#Smog #delhi #delhismog #india #DelhiAirQuality #DelhiPollution #Air\xe2\x80\xa6"""
2019-11-06 07:08:46,"b'Delhi\xe2\x80\x99s record-breaking #Air pollution may be the result of a covert chemical attack by #Pakistan, an #Indian\xe2\x80\xa6 https://t.co/vlrPdsTlfD'"
2019-11-06 07:00:55,"b'RT @XiaomiIndia: Rising #pollution levels need newer, better solutions. Introducing the all-new #MiAirPurifier3 - our most powerful #air pu\xe2\x80\xa6'"
2019-11-06 06:58:46,"b'RT @XiaomiIndia: Rising #pollution levels need newer, better solutions. Introducing the all-new #MiAirPurifier3 - our most powerful #air pu\xe2\x80\xa6'"
2019-11-06 06:57:30,"b'RT @XiaomiIndia: Rising #pollution levels need newer, better solutions. Introducing the all-new #MiAirPurifier3 - our most powerful #air pu\xe2\x80\xa6'"
2019-11-06 06:57:18,"b'RT @XiaomiIndia: Rising #pollution levels need newer, better solutions. Introducing the all-new #MiAirPurifier3 - our most powerful #air pu\xe2\x80\xa6'"
2019-11-06 06:57:11,"b'RT @XiaomiIndia: Rising #pollution levels need newer, better solutions. Introducing the all-new #MiAirPurifier3 - our most powerful #air pu\xe2\x80\xa6'"
2019-11-06 06:56:03,"b'RT @XiaomiIndia: Rising #pollution levels need newer, better solutions. Introducing the all-new #MiAirPurifier3 - our most powerful #air pu\xe2\x80\xa6'"
2019-11-06 06:55:21,"b'RT @XiaomiIndia: Rising #pollution levels need newer, better solutions. Introducing the all-new #MiAirPurifier3 - our most powerful #air pu\xe2\x80\xa6'"
2019-11-06 06:51:53,b'Breathe Healthy India !\n#MiAirPurifier3 #pollution #air https://t.co/VVbGFdYpt6'
2019-11-06 06:49:43,b'#Air Pollution: How Air Pollution Is Impairing Yours And Our Healthhttps://vilabin.com/article/air-pollution-how-ai\xe2\x80\xa6 https://t.co/LZT6vpQWNH'
2019-11-06 06:49:42,b'#Air Pollution: How Air Pollution Is Impairing Yours And Our Healthhttps://vilabin.com/article/air-pollution-how-ai\xe2\x80\xa6 https://t.co/prvrCgZl1a'
2019-11-06 06:49:16,"b'Rising #pollution levels need newer, better solutions. Introducing the all-new #MiAirPurifier3 - our most powerful\xe2\x80\xa6 https://t.co/HAsvb5NoyQ'"
2019-11-06 06:09:28,"b'RT @ValluriTA: #Bengaluru #Innovation Challenge to improve the city\xe2\x80\x99s #air and #water quality by sourcing inventive ideas from citizens, ci\xe2\x80\xa6'"
2019-11-06 05:08:24,b'This is in our hands.kindly stop \xf0\x9f\x9b\x91 #Air pollution. https://t.co/tdoS0xZVJv'
2019-11-06 05:00:49,"b'Forming POLLUTION is easy, But RESOLVING the impact of it is difficult.\nIf you pollute air today, it will pollute y\xe2\x80\xa6 https://t.co/O5ZjrMVO6l'"
2019-11-06 04:24:40,"b""#MET dept. investigating whether #India's #Air-pollution affected to #SriLanka or not. Currently #AQI shows 171 un-healthy level\n \n#LKA"""
2019-11-06 04:24:14,b'#Bengaluru #Innovation Challenge to improve the city\xe2\x80\x99s #air and #water quality by sourcing inventive ideas from cit\xe2\x80\xa6 https://t.co/87ExlpHlL6'
2019-11-06 04:01:39,b'Antonio Saillant Talks The Truth About Our Air Quality on Just Say Hola Podcast. Now on #Spotify #humanity #oceans\xe2\x80\xa6 https://t.co/Vd3fffDAhy'
2019-11-06 03:56:08,b'Antonio Saillant Talks The Truth About Our Air Quality on Just Say Hola Podcast. Now on #applepodcasts #humanity\xe2\x80\xa6 https://t.co/n7QDNDuEDF'
2019-11-06 03:43:09,b'#Air Pollution: How Air Pollution Is Impairing Yours And Our Healthhttps://vilabin.com/article/air-pollution-how-ai\xe2\x80\xa6 https://t.co/jV08QAfaaK'
2019-11-06 03:43:08,b'#Air Pollution: How Air Pollution Is Impairing Yours And Our Healthhttps://vilabin.com/article/air-pollution-how-ai\xe2\x80\xa6 https://t.co/WSoVWzGRiL'
2019-11-06 02:52:00,b'RT @Gitanjali_DS: @republic A gut wrenching image of an #AamAadmiParty worker from #Delhi trying to save himself from Diwali #Air Pollution\xe2\x80\xa6'
2019-11-06 01:42:33,b'#Air Pollution: How Air Pollution Is Impairing Yours And Our Healthhttps://vilabin.com/article/air-pollution-how-ai\xe2\x80\xa6 https://t.co/HDBqIotVr3'
2019-11-06 01:42:32,b'#Air Pollution: How Air Pollution Is Impairing Yours And Our Healthhttps://vilabin.com/article/air-pollution-how-ai\xe2\x80\xa6 https://t.co/lGGUT81J7D'
2019-11-06 00:41:18,b'#Air Pollution: How Air Pollution Is Impairing Yours And Our Healthhttps://vilabin.com/article/air-pollution-how-ai\xe2\x80\xa6 https://t.co/shxan9r27X'
2019-11-06 00:41:16,b'#Air Pollution: How Air Pollution Is Impairing Yours And Our Healthhttps://vilabin.com/article/air-pollution-how-ai\xe2\x80\xa6 https://t.co/2jamG2KpJ5'
2019-11-06 00:38:49,b'RT @wef: Pollution is rife in your office https://t.co/k0TunXvPhb #Environment #Air https://t.co/CNq2hgRQuJ'
2019-11-05 23:37:52,"b""RT @GETAnalysis: #India's famed #lethargic &amp; #corrupt #governance, at all #levels, unable to address the #country's endemic problems like h\xe2\x80\xa6"""
2019-11-05 23:04:56,"b""#Air #Pollution #NewDelhi's toxic, polluted air chokes city's 20 million people, and the haze can be seen from space https://t.co/P4UlAO2VcD"""
2019-11-05 22:39:37,b'#Air Pollution: How Air Pollution Is Impairing Yours And Our Healthhttps://vilabin.com/article/air-pollution-how-ai\xe2\x80\xa6 https://t.co/xSFpc9lYgI'
2019-11-05 22:39:36,b'#Air Pollution: How Air Pollution Is Impairing Yours And Our Healthhttps://vilabin.com/article/air-pollution-how-ai\xe2\x80\xa6 https://t.co/wxQwlEvjIi'
2019-11-05 20:00:41,b'When you think about #air #pollution the picture that probably comes to mind is a #crowdedstreet in a #city with pe\xe2\x80\xa6 https://t.co/5I2TmXHNmn'
2019-11-05 18:37:02,b'#Air Pollution: How Air Pollution Is Impairing Yours And Our Healthhttps://vilabin.com/article/air-pollution-how-ai\xe2\x80\xa6 https://t.co/0D7oA4APYf'
2019-11-05 18:10:17,b'RT @Witanworld1: #Witanworld: #Environment #protection for our future generations\n\nhttps://t.co/qaVHIt4VH7\n\n#abetterworld #Air #Water #AirQ\xe2\x80\xa6'
2019-11-05 16:34:32,b'#Air Pollution: How Air Pollution Is Impairing Yours And Our Healthhttps://vilabin.com/article/air-pollution-how-ai\xe2\x80\xa6 https://t.co/1rZOl7XA5x'
2019-11-05 16:25:40,b'Delhi is down with #air pollution and civil pollution; police force protested today; all this is due to #non-Govern\xe2\x80\xa6 https://t.co/qPp8zlhilp'
2019-11-05 16:00:53,b'#Air Pollution: How Air Pollution Is Impairing Yours And Our Health#healthcorner#health #healthcorner\xe2\x80\xa6 https://t.co/33qgq6iG4S'
2019-11-14 14:51:27,"b""#Delhi #schools #close as #farm #fires add to city's foul #air... #pollution #India https://t.co/WDadRvkNxZ"""
2019-11-14 14:37:52,"b""#Delhi schools close as farm #fires add to city's foul #air\n#pollution #environment #India  https://t.co/cVWTGhEOfA https://t.co/QMDWiQnDH1"""
2019-11-14 14:21:54,"b""@KarlRobinson02 @NatGeo But we are a VERY minor part of the #pollution. If you're such a believer go in #China and\xe2\x80\xa6 https://t.co/tnItbr8IUz"""
2019-11-14 13:56:53,b'RT @SupriyaVerma25: @dpcarrington @WeichenthalS We all knew #air #pollution had bad #environmental effects. Finally we have proof demonstra\xe2\x80\xa6'
2019-11-14 12:25:45,"b'RT @Pureclearwater2: @DevonWildlife @NFFNUK @PasturePromise Wet #woodland - rich in #wildlife, deep roots hold #soil in place, keeps moistu\xe2\x80\xa6'"
2019-11-14 12:12:00,"b'RT @Pureclearwater2: @DevonWildlife @NFFNUK @PasturePromise Wet #woodland - rich in #wildlife, deep roots hold #soil in place, keeps moistu\xe2\x80\xa6'"
2019-11-14 09:37:41,"b'RT @XiaomiIndia: Rising #pollution levels need newer, better solutions. Introducing the all-new #MiAirPurifier3 - our most powerful #air pu\xe2\x80\xa6'"
2019-11-14 09:32:29,"b'And as always, the Court is not obliged to follow the Adv Gen\xe2\x80\x99s Opinion.  \n\n#NotOverYet @JohnSodeau @CRAClabUCC #air #law #pollution'"
2019-11-14 08:58:03,b'@VijayGoelBJP @BJP4Delhi In an #AQI of approx 500 children are made to Run in #Delhi when schools are shut for chil\xe2\x80\xa6 https://t.co/WmzJrB2Xne'
2019-11-14 07:28:55,b'This just in!\n\nKarachi just beat Lahore for the first time. \n\nKarachi AQI 290\nLahore AQI 270\n\nDelhi AQI 448\n\n12:25\xe2\x80\xa6 https://t.co/5m6sNgEz8X'
2019-11-14 06:18:29,b'In an #AQI of approx 500 children are made to Run in #Delhi when schools are shut for children citing unbreathable\xe2\x80\xa6 https://t.co/KBEFcTp7pV'
2019-11-14 05:41:09,"b""@WhiteHouse @POTUS They've destroyed #FoodSupplyChain #Air #Pollution, #StreetsAreFilthyAndUgly #Homelessness\xe2\x80\xa6 https://t.co/spgF6a23Hq"""
2019-11-14 05:21:55,"b'RT @ramanmann1974: For those blaming ""Punjab Preservation of Subsoil Water Act, 2009"" for extending paddy harvesting period into Oct-Nov, w\xe2\x80\xa6'"
2019-11-14 05:16:54,b'https://t.co/jwiqieok3c\nAdvertising &amp; Marketing Agency\n#airpollution #pollution #environment #climatechange\xe2\x80\xa6 https://t.co/uTND1fj4kL'
2019-11-14 00:19:26,"b'RT @SeedsIndia: Chhath puja in Delhi this year was a toxic affair, with heavy and dense #air and #water pollution risking the lives of wome\xe2\x80\xa6'"
2019-11-13 22:35:59,"b'RT @Dragofix: #Pollution knows no borders. It moves with the #wind and #waters. You are breathing, eating and drinking it right now.. \n\nSto\xe2\x80\xa6'"
2019-11-13 21:45:39,b'Nanoparticles from air pollution (mostly car exhaust)  go straight into your brain https://t.co/DDC03gRqzr\xe2\x80\xa6 https://t.co/dvwLflGGSI'
2019-11-13 21:44:34,b'@dpcarrington @WeichenthalS We all knew #air #pollution had bad #environmental effects. Finally we have proof demon\xe2\x80\xa6 https://t.co/aVP7CAcx61'
2019-11-13 21:03:12,"b'RT @Pureclearwater2: @DevonWildlife @NFFNUK @PasturePromise Wet #woodland - rich in #wildlife, deep roots hold #soil in place, keeps moistu\xe2\x80\xa6'"
2019-11-13 20:50:34,"b""RT @GETAnalysis: #India's #plans usually #fail spectacularly - and hence its #current problems of unbreathable #air &amp; undrinkable #water  h\xe2\x80\xa6"""
2019-11-13 19:35:06,"b'@imrankhanpti @drmuradpti here you go, if you want to mitigate #air #pollution such technology deployment will do i\xe2\x80\xa6 https://t.co/XQstarc5BK'"
2019-11-13 18:59:55,"b'RT @XiaomiIndia: Rising #pollution levels need newer, better solutions. Introducing the all-new #MiAirPurifier3 - our most powerful #air pu\xe2\x80\xa6'"
2019-11-13 17:35:41,"b'RT @XiaomiIndia: Rising #pollution levels need newer, better solutions. Introducing the all-new #MiAirPurifier3 - our most powerful #air pu\xe2\x80\xa6'"
2019-11-13 17:12:52,"b'RT @ramanmann1974: For those blaming ""Punjab Preservation of Subsoil Water Act, 2009"" for extending paddy harvesting period into Oct-Nov, w\xe2\x80\xa6'"
2019-11-13 17:11:43,"b'RT @Pureclearwater2: @DevonWildlife @NFFNUK @PasturePromise Wet #woodland - rich in #wildlife, deep roots hold #soil in place, keeps moistu\xe2\x80\xa6'"
2019-11-13 16:53:23,b'RT @arikring: Once There Was 1 King\nKing #Coal\n\nNow We Have Choices:\nGo #Clean &amp; #Green w. #Renewable #Energy\nOr \nContinue Our Addiction to\xe2\x80\xa6'
2019-11-13 16:28:43,b'RT @arikring: Once There Was 1 King\nKing #Coal\n\nNow We Have Choices:\nGo #Clean &amp; #Green w. #Renewable #Energy\nOr \nContinue Our Addiction to\xe2\x80\xa6'
2019-11-13 16:10:02,"b""#Air #pollution shuts schools in Iran's capital https://t.co/sFaglrgC56"""
2019-11-13 16:09:32,"b""RT @GETAnalysis: #India's #plans usually #fail spectacularly - and hence its #current problems of unbreathable #air &amp; undrinkable #water  h\xe2\x80\xa6"""
2019-11-13 15:38:00,"b""#India's #plans usually #fail spectacularly - and hence its #current problems of unbreathable #air &amp; undrinkable\xe2\x80\xa6 https://t.co/M4Z2v5SYAZ"""
2019-11-13 15:00:13,"b'Top news for Wednesday, 13th Nov 19\nhttps://t.co/mUuGNyGJAy\n#court #supreme #sc #maharashtra #sena #shiv #fee #hike\xe2\x80\xa6 https://t.co/LIUMMxW0M5'"
2019-11-13 14:39:21,"b'RT @XiaomiIndia: Rising #pollution levels need newer, better solutions. Introducing the all-new #MiAirPurifier3 - our most powerful #air pu\xe2\x80\xa6'"
2019-11-13 14:22:26,"b'RT @ramanmann1974: For those blaming ""Punjab Preservation of Subsoil Water Act, 2009"" for extending paddy harvesting period into Oct-Nov, w\xe2\x80\xa6'"
2019-11-13 13:49:40,"b'RT @XiaomiIndia: Rising #pollution levels need newer, better solutions. Introducing the all-new #MiAirPurifier3 - our most powerful #air pu\xe2\x80\xa6'"
2019-11-13 13:32:53,b'#Air #pollution nanoparticles linked to #brain #cancer for first time https://t.co/fAYLqJAQEc'
2019-11-13 13:00:57,"b'RT @XiaomiIndia: Rising #pollution levels need newer, better solutions. Introducing the all-new #MiAirPurifier3 - our most powerful #air pu\xe2\x80\xa6'"
2019-11-13 12:18:13,b'#Air pollution particles linked to brain cancer for first time https://t.co/4V9hAFiEwZ #science'
2019-11-13 11:52:12,"b'Toxic #air has been linked to other effects on the #brain, including\xc2\xa0huge\xc2\xa0reductions in intelligence,\xc2\xa0#dementia\xc2\xa0and\xe2\x80\xa6 https://t.co/Yxb5dFZ3ds'"
2019-11-13 11:01:14,"b'RT @ramanmann1974: For those blaming ""Punjab Preservation of Subsoil Water Act, 2009"" for extending paddy harvesting period into Oct-Nov, w\xe2\x80\xa6'"
